Family,Name ,Shape,N,r,L.min,L.max,a,b,%error,Name,,name with extra space,,name without extra space
Acanthuridae,,heterogeneous,1141,1.00,2.00,60.00,0.03,2.95,13.30,,, ,,
Acanthuridae,Acanthurus spp.,compressed,639,1.00,2.50,57.00,0.03,2.98,10.20,Acanthurus,spp.,Acanthurus spp.,,Acanthurus spp.
Acanthuridae,Acanthurus blochii,compressed,249,1.00,2.50,38.00,0.03,3.03,9.80,Acanthurus,blochii,Acanthurus blochii,,Acanthurus blochii
Acanthuridae,Acanthurus dussumieri,compressed,95,0.99,2.50,51.50,0.04,2.87,10.70,Acanthurus,dussumieri,Acanthurus dussumieri,,Acanthurus dussumieri
Acanthuridae,Acanthurus nigricauda,compressed,51,1.00,4.60,22.50,0.02,3.17,8.80,Acanthurus,nigricauda,Acanthurus nigricauda,,Acanthurus nigricauda
Acanthuridae,Acanthurus mata,compressed,48,0.99,10.00,29.50,0.02,3.01,6.90,Acanthurus,mata,Acanthurus mata,,Acanthurus mata
Acanthuridae,Acanthurus nigrofuscus,compressed,124,0.99,4.50,18.70,0.03,3.03,8.70,Acanthurus,nigrofuscus,Acanthurus nigrofuscus,,Acanthurus nigrofuscus
Acanthuridae,Acanthurus triostegus,compressed,22,0.97,6.50,16.50,0.08,2.57,9.10,Acanthurus,triostegus,Acanthurus triostegus,,Acanthurus triostegus
Acanthuridae,Acanthurus xanthopterus,compressed,35,1.00,8.00,57.00,0.03,2.98,5.90,Acanthurus,xanthopterus,Acanthurus xanthopterus,,Acanthurus xanthopterus
Acanthuridae,Ctenochaetus spp.,compressed,198,0.99,3.80,21.00,0.02,3.06,6.50,Ctenochaetus,spp.,Ctenochaetus spp.,,Ctenochaetus spp.
Acanthuridae,Ctenochaetus binotatus,compressed,18,0.97,8.50,15.30,0.04,2.88,9.30,Ctenochaetus,binotatus,Ctenochaetus binotatus,,Ctenochaetus binotatus
Acanthuridae,Ctenochaetus striatus,compressed,180,1.00,3.80,21.00,0.02,3.06,7.70,Ctenochaetus,striatus,Ctenochaetus striatus,,Ctenochaetus striatus
Acanthuridae,Naso spp.,heterogeneous,123,1.00,2.00,60.00,0.01,3.25,15.10,Naso,spp.,Naso spp.,,Naso spp.
Acanthuridae,Naso annulatus,compressed,9,0.99,28.00,42.00,0.05,2.72,3.60,Naso,annulatus,Naso annulatus,,Naso annulatus
Acanthuridae,Naso brevirostris,cylindrical,27,0.99,2.00,33.00,0.01,3.24,32.30,Naso,brevirostris,Naso brevirostris,,Naso brevirostris
Acanthuridae,Naso hexacanthus,compressed,9,1.00,18.50,46.00,0.02,2.96,6.60,Naso,hexacanthus,Naso hexacanthus,,Naso hexacanthus
Acanthuridae,Naso unicornis,compressed,66,0.99,18.50,60.00,0.02,3.04,6.80,Naso,unicornis,Naso unicornis,,Naso unicornis
Acanthuridae,Zebrasoma spp.,very-flat,181,0.99,4.00,26.50,0.04,2.86,14.40,Zebrasoma,spp.,Zebrasoma spp.,,Zebrasoma spp.
Acanthuridae,Zebrasoma scopas,very-flat,104,0.99,4.00,16.00,0.03,2.99,9.10,Zebrasoma,scopas,Zebrasoma scopas,,Zebrasoma scopas
Acanthuridae,Zebrasoma veliferum,very-flat,77,1.00,4.00,24.00,0.03,2.87,8.00,Zebrasoma,veliferum,Zebrasoma veliferum,,Zebrasoma veliferum
Albulidae,Albula spp.,cylindrical,31,1.00,35.50,78.00,0.02,2.87,7.70,Albula,spp.,Albula spp.,,Albula spp.
Antennariidae,Antennarius spp.,odd,17,0.98,4.00,11.00,0.02,3.29,9.50,Antennarius,spp.,Antennarius spp.,,Antennarius spp.
Apogonidae,,heterogeneous,1873,0.97,2.00,18.50,0.01,3.14,17.20,,, ,,
Apogonidae,Apogon spp.,cylindrical,1381,0.98,2.00,16.00,0.02,3.12,17.30,Apogon,spp.,Apogon spp.,,Apogon spp.
Apogonidae,Apogon angustatus,cylindrical,59,0.94,2.60,9.00,0.00,3.78,15.60,Apogon,angustatus,Apogon angustatus,,Apogon angustatus
Apogonidae,Apogon aureus,cylindrical,116,0.98,6.20,12.00,0.01,3.51,8.40,Apogon,aureus,Apogon aureus,,Apogon aureus
Apogonidae,Apogon bandanensis,cylindrical,72,0.96,3.50,10.00,0.01,3.25,12.90,Apogon,bandanensis,Apogon bandanensis,,Apogon bandanensis
Apogonidae,Apogon catalai,compressed,9,0.96,5.00,7.00,0.01,3.94,8.80,Apogon,catalai,Apogon catalai,,Apogon catalai
Apogonidae,Apogon compressus,cylindrical,13,0.94,6.00,10.40,0.02,2.98,10.10,Apogon,compressus,Apogon compressus,,Apogon compressus
Apogonidae,Apogon cookii,cylindrical,15,0.95,4.80,7.00,0.01,3.69,11.30,Apogon,cookii,Apogon cookii,,Apogon cookii
Apogonidae,Apogon cyanosoma,cylindrical,42,0.87,4.00,6.90,0.01,3.56,16.90,Apogon,cyanosoma,Apogon cyanosoma,,Apogon cyanosoma
Apogonidae,Apogon doderleini,cylindrical,74,0.96,3.50,9.40,0.01,3.46,15.00,Apogon,doderleini,Apogon doderleini,,Apogon doderleini
Apogonidae,Apogon ellioti,cylindrical,23,0.98,5.50,13.00,0.02,2.99,9.80,Apogon,ellioti,Apogon ellioti,,Apogon ellioti
Apogonidae,Apogon exostigma,cylindrical,62,0.97,4.00,10.30,0.02,3.07,14.00,Apogon,exostigma,Apogon exostigma,,Apogon exostigma
Apogonidae,Apogon fraenatus,cylindrical,218,0.98,3.50,11.00,0.01,3.17,9.20,Apogon,fraenatus,Apogon fraenatus,,Apogon fraenatus
Apogonidae,Apogon fuscus,cylindrical,53,0.98,4.00,15.00,0.04,2.70,9.40,Apogon,fuscus,Apogon fuscus,,Apogon fuscus
Apogonidae,Apogon hyalosoma,cylindrical,42,0.98,6.00,15.00,0.01,3.45,8.60,Apogon,hyalosoma,Apogon hyalosoma,,Apogon hyalosoma
Apogonidae,Apogon kallopterus,cylindrical,66,0.98,4.50,12.00,0.01,3.31,9.20,Apogon,kallopterus,Apogon kallopterus,,Apogon kallopterus
Apogonidae,Apogon lateralis,cylindrical,106,0.97,3.50,8.50,0.02,3.05,15.20,Apogon,lateralis,Apogon lateralis,,Apogon lateralis
Apogonidae,Apogon lineolatus,cylindrical,11,0.90,6.00,7.50,0.00,3.68,10.70,Apogon,lineolatus,Apogon lineolatus,,Apogon lineolatus
Apogonidae,Apogon nigrofasciatus,cylindrical,28,0.97,3.50,8.00,0.01,3.51,10.90,Apogon,nigrofasciatus,Apogon nigrofasciatus,,Apogon nigrofasciatus
Apogonidae,Apogon norfolcensis,cylindrical,74,0.94,5.80,12.00,0.01,3.28,10.00,Apogon,norfolcensis,Apogon norfolcensis,,Apogon norfolcensis
Apogonidae,Apogon novemfasciatus,cylindrical,17,0.97,3.00,9.50,0.01,3.41,11.60,Apogon,novemfasciatus,Apogon novemfasciatus,,Apogon novemfasciatus
Apogonidae,Apogon trimaculatus,cylindrical,55,0.98,2.00,16.00,0.02,2.97,12.70,Apogon,trimaculatus,Apogon trimaculatus,,Apogon trimaculatus
Apogonidae,Archamia spp.,cylindrical,105,0.92,5.20,8.50,0.01,3.40,10.30,Archamia,spp.,Archamia spp.,,Archamia spp.
Apogonidae,Archamia fucata,compressed,49,0.95,5.20,8.50,0.01,3.32,9.60,Archamia,fucata,Archamia fucata,,Archamia fucata
Apogonidae,Archamia leai,compressed,17,0.96,5.20,8.20,0.01,3.48,9.20,Archamia,leai,Archamia leai,,Archamia leai
Apogonidae,Archamia lineolata,compressed,16,0.92,6.00,8.00,0.05,2.59,7.10,Archamia,lineolata,Archamia lineolata,,Archamia lineolata
Apogonidae,Cheilodipterus spp.,cylindrical,282,0.98,3.00,18.50,0.01,3.09,8.10,Cheilodipterus,spp.,Cheilodipterus spp.,,Cheilodipterus spp.
Apogonidae,Cheilodipterus artus,cylindrical,21,0.98,4.70,14.40,0.00,3.59,14.60,Cheilodipterus,artus,Cheilodipterus artus,,Cheilodipterus artus
Apogonidae,Cheilodipterus lachneri,cylindrical,51,0.96,6.00,12.50,0.00,3.86,8.60,Cheilodipterus,lachneri,Cheilodipterus lachneri,,Cheilodipterus lachneri
Apogonidae,Cheilodipterus macrodon,cylindrical,16,1.00,8.00,18.50,0.01,3.43,6.60,Cheilodipterus,macrodon,Cheilodipterus macrodon,,Cheilodipterus macrodon
Apogonidae,Cheilodipterus quinquelineatus,cylindrical,194,0.97,3.00,11.00,0.02,3.00,11.60,Cheilodipterus,quinquelineatus,Cheilodipterus quinquelineatus,,Cheilodipterus quinquelineatus
Apogonidae,Fowleria spp.,cylindrical,70,0.94,3.00,8.20,0.01,3.57,17.30,Fowleria,spp.,Fowleria spp.,,Fowleria spp.
Apogonidae,Fowleria aurita,cylindrical,12,1.00,4.10,8.20,0.04,2.78,4.30,Fowleria,aurita,Fowleria aurita,,Fowleria aurita
Apogonidae,Fowleria marmorata,cylindrical,13,0.96,4.00,7.50,0.00,4.14,17.40,Fowleria,marmorata,Fowleria marmorata,,Fowleria marmorata
Apogonidae,Fowleria variegata,cylindrical,35,0.96,3.00,8.00,0.01,3.35,19.70,Fowleria,variegata,Fowleria variegata,,Fowleria variegata
Atherinidae,Atherinomorus lacunosus,cylindrical,49,0.97,6.50,13.00,0.01,3.30,9.70,Atherinomorus,lacunosus,Atherinomorus lacunosus,,Atherinomorus lacunosus
Aulostomidae,Aulostomus chinensis,elongated,11,0.99,31.80,68.00,0.00,3.51,9.80,Aulostomus,chinensis,Aulostomus chinensis,,Aulostomus chinensis
Balistidae,,heterogeneous,595,0.99,5.00,61.00,0.01,3.39,18.30,,, ,,
Balistidae,Abalistes stellaris,compressed,111,0.99,14.00,53.50,0.05,2.76,5.70,Abalistes,stellaris,Abalistes stellaris,,Abalistes stellaris
Balistidae,Balistoides spp.,compressed,12,0.99,27.40,61.00,0.02,3.08,6.60,Balistoides,spp.,Balistoides spp.,,Balistoides spp.
Balistidae,Balistoides viridescens,compressed,10,1.00,27.40,61.00,0.02,3.02,3.90,Balistoides,viridescens,Balistoides viridescens,,Balistoides viridescens
Balistidae,Pseudobalistes fuscus,compressed,76,0.99,16.30,58.00,0.07,2.76,6.20,Pseudobalistes,fuscus,Pseudobalistes fuscus,,Pseudobalistes fuscus
Balistidae,Sufflamen spp.,compressed,122,0.98,16.60,36.50,0.03,2.93,6.00,Sufflamen,spp.,Sufflamen spp.,,Sufflamen spp.
Balistidae,Sufflamen fraenatus,compressed,118,0.98,18.50,36.50,0.03,2.97,6.50,Sufflamen,fraenatus,Sufflamen fraenatus,,Sufflamen fraenatus
Belonidae,,semi-elongated,81,0.97,16.50,88.00,0.00,3.20,10.60,,, ,,
Belonidae,Strongylura spp.,semi-elongated,51,0.96,29.00,75.00,0.00,3.10,10.30,Strongylura,spp.,Strongylura spp.,,Strongylura spp.
Belonidae,Strongylura incisa,semi-elongated,11,0.95,36.50,72.50,0.00,3.00,11.80,Strongylura,incisa,Strongylura incisa,,Strongylura incisa
Belonidae,Strongylura urvilli,semi-elongated,23,0.99,29.00,73.50,0.00,3.36,8.40,Strongylura,urvilli,Strongylura urvilli,,Strongylura urvilli
Belonidae,Tylosurus crocodilus,semi-elongated,29,0.99,29.50,88.00,0.00,3.29,10.10,Tylosurus,crocodilus,Tylosurus crocodilus,,Tylosurus crocodilus
Blenniidae,,heterogeneous,246,0.86,3.50,16.60,0.00,3.90,29.90,,, ,,
Blenniidae,Atrosalarias fuscus,cylindrical,50,0.93,3.60,10.20,0.01,3.02,16.20,Atrosalarias,fuscus,Atrosalarias fuscus,,Atrosalarias fuscus
Blenniidae,Cirripectes spp.,cylindrical,41,0.98,5.50,10.00,0.01,3.15,7.80,Cirripectes,spp.,Cirripectes spp.,,Cirripectes spp.
Blenniidae,Cirripectes chelomatus,cylindrical,19,0.95,7.00,10.00,0.01,3.10,7.30,Cirripectes,chelomatus,Cirripectes chelomatus,,Cirripectes chelomatus
Blenniidae,Cirripectes stigmaticus,cylindrical,17,0.99,5.50,9.00,0.02,2.97,5.70,Cirripectes,stigmaticus,Cirripectes stigmaticus,,Cirripectes stigmaticus
Blenniidae,Ecsenius spp.,cylindrical,49,0.94,4.00,9.50,0.02,2.58,7.50,Ecsenius,spp.,Ecsenius spp.,,Ecsenius spp.
Blenniidae,Ecsenius bicolor,cylindrical,46,0.93,4.00,9.50,0.02,2.58,10.60,Ecsenius,bicolor,Ecsenius bicolor,,Ecsenius bicolor
Blenniidae,Meiacanthus spp.,semi-elongated,9,0.87,4.50,6.00,0.00,4.47,13.70,Meiacanthus,spp.,Meiacanthus spp.,,Meiacanthus spp.
Blenniidae,Petroscirtes spp.,semi-elongated,15,0.89,3.50,10.50,0.01,3.02,29.70,Petroscirtes,spp.,Petroscirtes spp.,,Petroscirtes spp.
Blenniidae,Plagiotremus spp.,elongated,33,0.85,5.00,9.50,0.00,3.58,22.80,Plagiotremus,spp.,Plagiotremus spp.,,Plagiotremus spp.
Blenniidae,Plagiotremus rhinorhynchos,elongated,20,0.91,6.00,9.50,0.00,3.79,13.90,Plagiotremus,rhinorhynchos,Plagiotremus rhinorhynchos,,Plagiotremus rhinorhynchos
Blenniidae,Plagiotremus tapeinosoma,elongated,10,0.92,5.50,9.00,0.01,2.91,15.90,Plagiotremus,tapeinosoma,Plagiotremus tapeinosoma,,Plagiotremus tapeinosoma
Blenniidae,Salarias fasciatus,cylindrical,25,0.92,4.00,11.00,0.01,2.98,13.60,Salarias,fasciatus,Salarias fasciatus,,Salarias fasciatus
Bothidae,,very-flat,260,0.96,5.50,20.50,0.01,3.21,13.40,,, ,,
Bothidae,Arnoglossus spp.,very-flat,32,0.89,6.00,11.50,0.00,4.81,27.20,Arnoglossus,spp.,Arnoglossus spp.,,Arnoglossus spp.
Bothidae,Asterorhombus intermedius,very-flat,59,0.91,7.00,12.50,0.00,4.08,15.70,Asterorhombus,intermedius,Asterorhombus intermedius,,Asterorhombus intermedius
Bothidae,Bothus pantherinus,very-flat,21,0.96,8.00,18.00,0.00,3.75,18.30,Bothus,pantherinus,Bothus pantherinus,,Bothus pantherinus
Bothidae,Engyprosopon grandisquama,very-flat,108,0.98,5.50,12.00,0.02,2.89,7.10,Engyprosopon,grandisquama,Engyprosopon grandisquama,,Engyprosopon grandisquama
Bothidae,Grammatobothus polyophthalmus,very-flat,39,0.97,11.00,20.50,0.01,2.90,6.80,Grammatobothus,polyophthalmus,Grammatobothus polyophthalmus,,Grammatobothus polyophthalmus
Bythitidae,Dinematichthys spp.,elongated,55,0.87,4.00,10.20,0.01,3.16,18.00,Dinematichthys,spp.,Dinematichthys spp.,,Dinematichthys spp.
Caesionidae,,cylindrical,377,0.99,6.00,24.30,0.01,3.28,5.30,,, ,,
Caesionidae,Caesio spp.,cylindrical,195,0.99,6.70,24.30,0.01,3.25,7.10,Caesio,spp.,Caesio spp.,,Caesio spp.
Caesionidae,Caesio caerulaurea,cylindrical,90,1.00,6.70,21.40,0.02,2.99,6.10,Caesio,caerulaurea,Caesio caerulaurea,,Caesio caerulaurea
Caesionidae,Caesio cuning,cylindrical,9,0.99,19.50,24.30,0.01,3.12,2.60,Caesio,cuning,Caesio cuning,,Caesio cuning
Caesionidae,Pterocaesio spp.,cylindrical,182,0.99,6.00,15.50,0.01,3.23,5.20,Pterocaesio,spp.,Pterocaesio spp.,,Pterocaesio spp.
Caesionidae,Pterocaesio diagramma,cylindrical,82,0.99,8.00,15.50,0.01,3.34,5.20,Pterocaesio,diagramma,Pterocaesio diagramma,,Pterocaesio diagramma
Caesionidae,Pterocaesio trilineata,cylindrical,94,0.99,6.00,15.00,0.01,3.18,6.80,Pterocaesio,trilineata,Pterocaesio trilineata,,Pterocaesio trilineata
Callionymidae,,cylindrical,35,0.97,3.50,16.00,0.03,2.47,15.10,,, ,,
Callionymidae,Synchiropus spp.,cylindrical,25,0.99,3.50,16.00,0.05,2.32,12.20,Synchiropus,spp.,Synchiropus spp.,,Synchiropus spp.
Callionymidae,Synchiropus rameus,cylindrical,13,0.93,10.00,16.00,0.07,2.18,9.40,Synchiropus,rameus,Synchiropus rameus,,Synchiropus rameus
Callionymidae,Synchiropus splendidus,cylindrical,12,0.94,3.50,6.00,0.01,3.34,14.80,Synchiropus,splendidus,Synchiropus splendidus,,Synchiropus splendidus
Carangidae,,heterogeneous,988,0.98,3.30,93.00,0.01,3.20,17.90,,, ,,
Carangidae,Atule mate,cylindrical,62,0.99,10.00,27.70,0.02,2.95,11.10,Atule,mate,Atule mate,,Atule mate
Carangidae,Carangoides spp.,compressed,352,0.99,8.50,86.00,0.04,2.81,9.40,Carangoides,spp.,Carangoides spp.,,Carangoides spp.
Carangidae,Carangoides armatus,compressed,12,0.99,32.00,51.00,0.01,3.13,4.90,Carangoides,armatus,Carangoides armatus,,Carangoides armatus
Carangidae,Carangoides chrysophrys,compressed,130,1.00,12.50,60.00,0.03,2.90,7.50,Carangoides,chrysophrys,Carangoides chrysophrys,,Carangoides chrysophrys
Carangidae,Carangoides ferdau,compressed,31,0.99,24.50,60.50,0.04,2.85,6.60,Carangoides,ferdau,Carangoides ferdau,,Carangoides ferdau
Carangidae,Carangoides fulvoguttatus,compressed,54,0.99,16.00,81.00,0.03,2.81,8.80,Carangoides,fulvoguttatus,Carangoides fulvoguttatus,,Carangoides fulvoguttatus
Carangidae,Carangoides gymnostethus,compressed,23,1.00,8.50,86.00,0.05,2.75,5.60,Carangoides,gymnostethus,Carangoides gymnostethus,,Carangoides gymnostethus
Carangidae,Carangoides hedlandensis,compressed,16,1.00,9.50,32.00,0.04,2.86,6.00,Carangoides,hedlandensis,Carangoides hedlandensis,,Carangoides hedlandensis
Carangidae,Carangoides orthogrammus,compressed,34,0.99,28.00,62.00,0.02,3.03,6.30,Carangoides,orthogrammus,Carangoides orthogrammus,,Carangoides orthogrammus
Carangidae,Carangoides uii,compressed,19,0.99,12.00,30.50,0.03,2.90,7.70,Carangoides,uii,Carangoides uii,,Carangoides uii
Carangidae,Caranx spp.,compressed,267,1.00,5.50,93.00,0.02,2.99,13.90,Caranx,spp.,Caranx spp.,,Caranx spp.
Carangidae,Caranx ignobilis,compressed,94,1.00,7.00,93.00,0.02,3.06,8.10,Caranx,ignobilis,Caranx ignobilis,,Caranx ignobilis
Carangidae,Caranx melampygus,compressed,25,1.00,5.50,54.00,0.02,2.92,6.90,Caranx,melampygus,Caranx melampygus,,Caranx melampygus
Carangidae,Caranx papuensis,compressed,135,1.00,6.50,65.00,0.02,2.92,10.20,Caranx,papuensis,Caranx papuensis,,Caranx papuensis
Carangidae,Decapterus russellii,cylindrical,17,0.99,11.50,30.00,0.01,2.96,6.90,Decapterus,russellii,Decapterus russellii,,Decapterus russellii
Carangidae,Gnathanodon speciosus,compressed,20,1.00,4.00,74.50,0.02,3.00,10.90,Gnathanodon,speciosus,Gnathanodon speciosus,,Gnathanodon speciosus
Carangidae,Pseudocaranx dentex,compressed,11,1.00,27.00,59.00,0.03,2.89,3.10,Pseudocaranx,dentex,Pseudocaranx dentex,,Pseudocaranx dentex
Carangidae,Scomberoides lysan,cylindrical,14,1.00,11.50,55.50,0.01,2.92,6.20,Scomberoides,lysan,Scomberoides lysan,,Scomberoides lysan
Carangidae,Scomberoides tol,cylindrical,189,0.99,3.30,37.00,0.02,2.79,9.60,Scomberoides,tol,Scomberoides tol,,Scomberoides tol
Carangidae,Selar crumenophthalmus,cylindrical,34,0.97,18.00,27.50,0.01,3.19,6.00,Selar,crumenophthalmus,Selar crumenophthalmus,,Selar crumenophthalmus
Carcharhinidae,,cylindrical,159,0.95,45.10,120.00,0.00,3.57,15.90,,, ,,
Carcharhinidae,Carcharhinus spp.,cylindrical,131,0.97,45.10,120.00,0.00,3.51,9.30,Carcharhinus,spp.,Carcharhinus spp.,,Carcharhinus spp.
Carcharhinidae,Carcharhinus albimarginatus,cylindrical,10,0.92,61.00,76.00,0.00,4.27,7.30,Carcharhinus,albimarginatus,Carcharhinus albimarginatus,,Carcharhinus albimarginatus
Carcharhinidae,Carcharhinus amblyrhynchos,cylindrical,54,0.95,45.10,120.00,0.00,3.37,9.30,Carcharhinus,amblyrhynchos,Carcharhinus amblyrhynchos,,Carcharhinus amblyrhynchos
Carcharhinidae,Carcharhinus limbatus,cylindrical,26,0.98,47.50,86.00,0.00,3.28,7.70,Carcharhinus,limbatus,Carcharhinus limbatus,,Carcharhinus limbatus
Carcharhinidae,Carcharhinus sorrah,cylindrical,27,0.98,52.00,91.00,0.00,3.66,6.60,Carcharhinus,sorrah,Carcharhinus sorrah,,Carcharhinus sorrah
Centropomidae,Ambassis interruptus,cylindrical,12,0.90,5.50,7.50,0.01,3.54,12.40,Ambassis,interruptus,Ambassis interruptus,,Ambassis interruptus
Chaetodontidae,,very-flat,2097,0.98,2.00,23.50,0.04,2.85,12.90,,, ,,
Chaetodontidae,Chaetodon spp.,very-flat,1927,0.98,2.00,19.00,0.05,2.81,11.70,Chaetodon,spp.,Chaetodon spp.,,Chaetodon spp.
Chaetodontidae,Chaetodon auriga,very-flat,246,0.99,2.40,19.00,0.04,2.83,10.30,Chaetodon,auriga,Chaetodon auriga,,Chaetodon auriga
Chaetodontidae,Chaetodon bennetti,very-flat,20,0.99,3.00,12.60,0.04,2.89,7.90,Chaetodon,bennetti,Chaetodon bennetti,,Chaetodon bennetti
Chaetodontidae,Chaetodon citrinellus,very-flat,74,0.99,3.00,10.50,0.04,2.83,9.60,Chaetodon,citrinellus,Chaetodon citrinellus,,Chaetodon citrinellus
Chaetodontidae,Chaetodon ephippium,very-flat,63,1.00,3.40,17.50,0.02,3.06,6.70,Chaetodon,ephippium,Chaetodon ephippium,,Chaetodon ephippium
Chaetodontidae,Chaetodon flavirostris,very-flat,174,0.99,2.60,16.50,0.03,3.11,8.40,Chaetodon,flavirostris,Chaetodon flavirostris,,Chaetodon flavirostris
Chaetodontidae,Chaetodon lineolatus,very-flat,89,0.99,2.00,20.00,0.07,2.62,13.30,Chaetodon,lineolatus,Chaetodon lineolatus,,Chaetodon lineolatus
Chaetodontidae,Chaetodon melannotus,very-flat,138,0.99,2.00,11.10,0.03,3.05,9.90,Chaetodon,melannotus,Chaetodon melannotus,,Chaetodon melannotus
Chaetodontidae,Chaetodon mertensii,very-flat,15,0.98,7.00,10.00,0.00,3.79,5.40,Chaetodon,mertensii,Chaetodon mertensii,,Chaetodon mertensii
Chaetodontidae,Chaetodon pelewensis,very-flat,26,0.97,5.00,9.00,0.02,3.30,11.20,Chaetodon,pelewensis,Chaetodon pelewensis,,Chaetodon pelewensis
Chaetodontidae,Chaetodon plebeius,very-flat,283,0.98,2.00,10.00,0.06,2.63,9.00,Chaetodon,plebeius,Chaetodon plebeius,,Chaetodon plebeius
Chaetodontidae,Chaetodon speculum,very-flat,444,0.98,2.00,11.50,0.07,2.69,8.90,Chaetodon,speculum,Chaetodon speculum,,Chaetodon speculum
Chaetodontidae,Chaetodon trifascialis,very-flat,23,0.99,3.00,14.00,0.03,2.97,10.20,Chaetodon,trifascialis,Chaetodon trifascialis,,Chaetodon trifascialis
Chaetodontidae,Chaetodon trifasciatus,very-flat,189,0.98,3.50,12.10,0.03,2.98,8.00,Chaetodon,trifasciatus,Chaetodon trifasciatus,,Chaetodon trifasciatus
Chaetodontidae,Chaetodon ulietensis,very-flat,36,1.00,3.30,12.10,0.03,2.87,6.90,Chaetodon,ulietensis,Chaetodon ulietensis,,Chaetodon ulietensis
Chaetodontidae,Chaetodon unimaculatus,very-flat,13,1.00,4.50,18.00,0.05,2.83,5.20,Chaetodon,unimaculatus,Chaetodon unimaculatus,,Chaetodon unimaculatus
Chaetodontidae,Chaetodon vagabundus,very-flat,65,0.99,4.00,14.00,0.03,2.97,6.40,Chaetodon,vagabundus,Chaetodon vagabundus,,Chaetodon vagabundus
Chaetodontidae,Heniochus spp.,very-flat,146,0.99,3.50,21.40,0.03,3.08,11.20,Heniochus,spp.,Heniochus spp.,,Heniochus spp.
Chaetodontidae,Heniochus acuminatus,very-flat,85,0.99,3.50,17.50,0.02,3.11,11.60,Heniochus,acuminatus,Heniochus acuminatus,,Heniochus acuminatus
Chaetodontidae,Heniochus chrysostomus,very-flat,24,0.98,5.00,14.00,0.02,3.26,12.80,Heniochus,chrysostomus,Heniochus chrysostomus,,Heniochus chrysostomus
Chaetodontidae,Heniochus monoceros,very-flat,29,0.99,9.00,21.00,0.02,3.21,9.10,Heniochus,monoceros,Heniochus monoceros,,Heniochus monoceros
Chanidae,Chanos chanos,cylindrical,85,0.98,14.50,35.00,0.00,3.39,9.10,Chanos,chanos,Chanos chanos,,Chanos chanos
Chirocentridae,Chirocentrus dorab,semi-elongated,30,0.93,32.50,63.00,0.01,2.99,10.50,Chirocentrus,dorab,Chirocentrus dorab,,Chirocentrus dorab
Cirrhitidae,,cylindrical,22,0.99,4.30,15.00,0.01,3.27,8.00,,, ,,
Cirrhitidae,Cirrhitichtys falco,cylindrical,17,0.94,4.30,8.00,0.00,3.85,12.60,Cirrhitichtys,falco,Cirrhitichtys falco,,Cirrhitichtys falco
Clinidae,,semi-elongated,34,0.89,3.50,8.90,0.00,3.86,9.00,,, ,,
Clinidae,Heteroclinus roseus,semi-elongated,10,0.91,3.50,8.00,0.02,2.78,76.30,Heteroclinus,roseus,Heteroclinus roseus,,Heteroclinus roseus
Clupeidae,,cylindrical,896,0.99,3.50,24.00,0.01,3.31,19.80,,, ,,
Clupeidae,Anodontostoma chacunda,cylindrical,691,0.99,3.50,24.00,0.02,3.05,7.40,Anodontostoma,chacunda,Anodontostoma chacunda,,Anodontostoma chacunda
Clupeidae,Herklotsichthys quadrimaculatus,cylindrical,70,0.95,5.00,14.50,0.01,3.32,9.20,Herklotsichthys,quadrimaculatus,Herklotsichthys quadrimaculatus,,Herklotsichthys quadrimaculatus
Clupeidae,Sardinella fijiensis,cylindrical,36,0.99,5.50,15.50,0.02,2.97,9.40,Sardinella,fijiensis,Sardinella fijiensis,,Sardinella fijiensis
Congridae,Conger cinereus,elongated,14,1.00,10.90,110.00,0.00,3.13,9.70,Conger,cinereus,Conger cinereus,,Conger cinereus
Congridae,Muraenesox bagio,elongated,14,0.99,56.00,106.00,0.00,2.82,6.50,Muraenesox,bagio,Muraenesox bagio,,Muraenesox bagio
Dasyatidae,,very-flat,82,0.99,17.00,49.50,0.01,3.35,16.00,,, ,,
Dasyatidae,Dasyatis spp.,very-flat,82,0.99,17.00,49.50,0.01,3.35,16.00,Dasyatis,spp.,Dasyatis spp.,,Dasyatis spp.
Dasyatidae,Dasyatis kuhlii,very-flat,78,0.99,17.00,49.50,0.01,3.36,7.90,Dasyatis,kuhlii,Dasyatis kuhlii,,Dasyatis kuhlii
Diodontidae,Diodon spp.,odd,25,0.97,1.00,75.00,0.07,2.78,37.60,Diodon,spp.,Diodon spp.,,Diodon spp.
Diodontidae,Diodon hystrix,odd,22,0.98,28.00,75.00,0.19,2.47,9.50,Diodon,hystrix,Diodon hystrix,,Diodon hystrix
Echeneididae,Echeneis naucrates,cylindrical,342,0.98,12.00,84.50,0.00,3.36,9.40,Echeneis,naucrates,Echeneis naucrates,,Echeneis naucrates
Eleotrididae,Butis amboinensis,cylindrical,14,0.92,4.50,8.50,0.01,3.03,15.30,Butis,amboinensis,Butis amboinensis,,Butis amboinensis
Elopidae,Elops machnata,semi-elongated,68,0.95,18.50,85.00,0.01,2.93,21.20,Elops,machnata,Elops machnata,,Elops machnata
Engraulidae,,cylindrical,96,0.96,5.00,12.50,0.00,3.49,14.30,,, ,,
Stolephorus,spp.,cylindrical,11,0.83,8.50,12.50,0.03,2.60,13.80,spp.,,spp. ,,spp.
Thryssina,baelama,cylindrical,85,0.97,5.00,11.50,0.00,3.59,10.60,baelama,,baelama ,,baelama
Ephippidae,Platax spp.,very-flat,11,1.00,4.50,50.00,0.04,2.95,12.40,Platax,spp.,Platax spp.,,Platax spp.
Fistulariidae,Fistularia spp.,elongated,47,0.98,18.50,44.00,0.00,3.05,10.10,Fistularia,spp.,Fistularia spp.,,Fistularia spp.
Fistulariidae,Fistularia petimba,elongated,43,0.99,19.00,44.00,0.00,3.21,5.70,Fistularia,petimba,Fistularia petimba,,Fistularia petimba
Gerreidae,Gerres spp.,compressed,1590,0.99,3.00,34.00,0.02,3.07,9.00,Gerres,spp.,Gerres spp.,,Gerres spp.
Gerreidae,Gerres filamentosus,compressed,273,1.00,5.00,21.50,0.02,3.01,8.60,Gerres,filamentosus,Gerres filamentosus,,Gerres filamentosus
Gerreidae,Gerres ovatus,compressed,963,0.99,3.00,19.00,0.02,3.01,8.10,Gerres,ovatus,Gerres ovatus,,Gerres ovatus
Gerreidae,Gerres oyena,cylindrical,339,0.98,4.00,20.00,0.01,3.34,12.80,Gerres,oyena,Gerres oyena,,Gerres oyena
Gobiidae,,cylindrical,296,0.95,2.30,36.50,0.03,2.62,24.00,,, ,,
Gobiidae,Amblygobius phalaena,cylindrical,57,0.96,3.00,11.70,0.02,2.83,13.60,Amblygobius,phalaena,Amblygobius phalaena,,Amblygobius phalaena
Gobiidae,Exyrias spp.,cylindrical,28,0.98,4.50,13.50,0.01,2.92,12.70,Exyrias,spp.,Exyrias spp.,,Exyrias spp.
Gobiidae,Exyrias bellissimus,cylindrical,23,0.97,7.00,13.50,0.01,2.88,8.80,Exyrias,bellissimus,Exyrias bellissimus,,Exyrias bellissimus
Gobiidae,Gnatholepis spp.,cylindrical,13,0.93,3.50,8.50,0.02,2.83,9.70,Gnatholepis,spp.,Gnatholepis spp.,,Gnatholepis spp.
Gobiidae,Gobiodon citrinus,cylindrical,12,0.93,2.80,5.20,0.06,2.44,11.40,Gobiodon,citrinus,Gobiodon citrinus,,Gobiodon citrinus
Gobiidae,Istigobius spp.,cylindrical,51,0.96,3.00,11.00,0.02,2.78,9.90,Istigobius,spp.,Istigobius spp.,,Istigobius spp.
Gobiidae,Istigobius decoratus,cylindrical,24,0.98,5.50,11.00,0.02,2.78,8.90,Istigobius,decoratus,Istigobius decoratus,,Istigobius decoratus
Gobiidae,Istigobius ornatus,cylindrical,14,0.95,3.80,9.00,0.01,3.11,20.50,Istigobius,ornatus,Istigobius ornatus,,Istigobius ornatus
Gobiidae,Oxyurichthys spp.,cylindrical,23,0.95,7.00,14.50,0.01,2.90,13.90,Oxyurichthys,spp.,Oxyurichthys spp.,,Oxyurichthys spp.
Gobiidae,Oxyurichthys papuensis,cylindrical,12,0.97,8.00,14.00,0.01,2.91,10.40,Oxyurichthys,papuensis,Oxyurichthys papuensis,,Oxyurichthys papuensis
Gobiidae,Priolepis cinctus,cylindrical,13,0.95,3.50,7.00,0.02,3.01,11.60,Priolepis,cinctus,Priolepis cinctus,,Priolepis cinctus
Gobiidae,Valenciennea spp.,cylindrical,17,0.99,4.50,12.50,0.01,2.86,4.50,Valenciennea,spp.,Valenciennea spp.,,Valenciennea spp.
Gobiidae,Valenciennea longipinnis,cylindrical,9,0.98,7.50,12.50,0.01,3.14,6.50,Valenciennea,longipinnis,Valenciennea longipinnis,,Valenciennea longipinnis
Grammistidae,,heterogeneous,22,0.99,1.00,27.00,0.01,3.23,30.80,,, ,,
Grammistidae,Diploprion bifasciatum,compressed,16,0.94,13.40,20.00,0.01,3.28,10.10,Diploprion,bifasciatum,Diploprion bifasciatum,,Diploprion bifasciatum
Haemulidae,,heterogeneous,1530,1.00,4.00,75.00,0.02,2.90,10.50,,, ,,
Haemulidae,Diagramma pictus,compressed,547,1.00,7.00,75.00,0.01,2.99,5.80,Diagramma,pictus,Diagramma pictus,,Diagramma pictus
Haemulidae,Plectorhinchus spp.,compressed,106,0.99,7.00,55.50,0.02,2.97,9.20,Plectorhinchus,spp.,Plectorhinchus spp.,,Plectorhinchus spp.
Haemulidae,Plectorhinchus chaetodonoides,compressed,17,1.00,14.00,53.50,0.02,3.04,6.10,Plectorhinchus,chaetodonoides,Plectorhinchus chaetodonoides,,Plectorhinchus chaetodonoides
Haemulidae,Plectorhinchus gibbosus,compressed,14,0.98,7.00,38.00,0.02,2.96,13.80,Plectorhinchus,gibbosus,Plectorhinchus gibbosus,,Plectorhinchus gibbosus
Haemulidae,Plectorhinchus lineatus,cylindrical,22,0.99,19.50,44.00,0.01,3.08,4.80,Plectorhinchus,lineatus,Plectorhinchus lineatus,,Plectorhinchus lineatus
Haemulidae,Plectorhinchus obscurus,compressed,27,1.00,17.50,55.50,0.03,2.89,6.90,Plectorhinchus,obscurus,Plectorhinchus obscurus,,Plectorhinchus obscurus
Haemulidae,Plectorhinchus picus,compressed,16,0.99,36.00,54.50,0.01,3.09,3.80,Plectorhinchus,picus,Plectorhinchus picus,,Plectorhinchus picus
Haemulidae,Pomadasys argenteus,cylindrical,875,1.00,4.00,43.00,0.02,2.95,6.60,Pomadasys,argenteus,Pomadasys argenteus,,Pomadasys argenteus
Hemigaleidae,Triaenodon obesus,cylindrical,20,0.97,52.00,108.00,0.00,3.34,10.70,Triaenodon,obesus,Triaenodon obesus,,Triaenodon obesus
Hemiramphidae,,semi-elongated,92,0.90,13.00,44.50,0.00,4.92,35.40,,, ,,
Hemiramphidae,Hemiramphus affinis,semi-elongated,12,0.99,13.50,27.50,0.00,3.58,13.30,Hemiramphus,affinis,Hemiramphus affinis,,Hemiramphus affinis
Hemiramphidae,Hemirhamphus far,semi-elongated,69,0.92,22.00,44.50,0.33,1.83,9.00,Hemirhamphus,far,Hemirhamphus far,,Hemirhamphus far
Holocentridae,,heterogeneous,1533,0.99,2.90,31.50,0.02,3.06,11.10,,, ,,
Holocentridae,Myripristis spp.,cylindrical,504,0.99,3.50,22.50,0.03,3.03,8.70,Myripristis,spp.,Myripristis spp.,,Myripristis spp.
Holocentridae,Myripristis amaena,cylindrical,22,1.00,5.00,17.00,0.02,3.26,5.10,Myripristis,amaena,Myripristis amaena,,Myripristis amaena
Holocentridae,Myripristis berndti,cylindrical,87,0.99,4.50,22.50,0.03,3.00,8.20,Myripristis,berndti,Myripristis berndti,,Myripristis berndti
Holocentridae,Myripristis hexagona,cylindrical,16,1.00,4.60,19.00,0.03,3.09,7.90,Myripristis,hexagona,Myripristis hexagona,,Myripristis hexagona
Holocentridae,Myripristis kuntee,cylindrical,81,0.95,6.00,14.00,0.01,3.47,13.50,Myripristis,kuntee,Myripristis kuntee,,Myripristis kuntee
Holocentridae,Myripristis melanosticta,cylindrical,61,0.99,4.00,19.50,0.03,3.02,9.80,Myripristis,melanosticta,Myripristis melanosticta,,Myripristis melanosticta
Holocentridae,Myripristis pralinia,cylindrical,41,1.00,5.00,15.00,0.02,3.10,5.80,Myripristis,pralinia,Myripristis pralinia,,Myripristis pralinia
Holocentridae,Myripristis violacea,cylindrical,138,0.99,3.50,19.20,0.04,2.94,8.40,Myripristis,violacea,Myripristis violacea,,Myripristis violacea
Holocentridae,Neoniphon spp.,cylindrical,196,1.00,3.50,19.00,0.03,2.87,8.70,Neoniphon,spp.,Neoniphon spp.,,Neoniphon spp.
Holocentridae,Neoniphon argenteus,cylindrical,57,0.99,4.50,18.20,0.03,2.82,7.00,Neoniphon,argenteus,Neoniphon argenteus,,Neoniphon argenteus
Holocentridae,Neoniphon sammara,cylindrical,138,1.00,3.50,19.00,0.03,2.89,7.30,Neoniphon,sammara,Neoniphon sammara,,Neoniphon sammara
Holocentridae,Plectrypops lima,cylindrical,11,0.96,5.50,10.50,0.02,3.14,11.70,Plectrypops,lima,Plectrypops lima,,Plectrypops lima
Holocentridae,Sargocentron spp.,cylindrical,822,0.99,2.90,31.50,0.02,3.05,8.70,Sargocentron,spp.,Sargocentron spp.,,Sargocentron spp.
Holocentridae,Sargocentron diadema,cylindrical,322,0.99,5.00,15.00,0.03,2.96,8.30,Sargocentron,diadema,Sargocentron diadema,,Sargocentron diadema
Holocentridae,Sargocentron rubrum,cylindrical,371,0.99,2.90,23.00,0.03,3.00,7.40,Sargocentron,rubrum,Sargocentron rubrum,,Sargocentron rubrum
Holocentridae,Sargocentron spiniferum,compressed,122,0.98,11.50,31.50,0.02,3.12,9.00,Sargocentron,spiniferum,Sargocentron spiniferum,,Sargocentron spiniferum
Kuhliidae,Kuhlia spp.,cylindrical,36,1.00,4.00,24.00,0.02,3.03,5.00,Kuhlia,spp.,Kuhlia spp.,,Kuhlia spp.
Kuhliidae,Kuhlia marginata,cylindrical,31,1.00,4.00,17.50,0.01,3.08,7.80,Kuhlia,marginata,Kuhlia marginata,,Kuhlia marginata
Kyphosidae,Kyphosus spp.,compressed,22,0.99,17.70,53.50,0.01,3.15,5.10,Kyphosus,spp.,Kyphosus spp.,,Kyphosus spp.
Kyphosidae,Kyphosus vaigiensis,compressed,12,1.00,17.70,48.00,0.02,3.04,6.10,Kyphosus,vaigiensis,Kyphosus vaigiensis,,Kyphosus vaigiensis
Labridae,,heterogeneous,1382,1.00,2.50,93.00,0.01,3.18,15.90,,, ,,
Labridae,Anampses spp.,cylindrical,13,0.98,4.50,13.60,0.02,2.79,10.60,Anampses,spp.,Anampses spp.,,Anampses spp.
Labridae,Bodianus spp.,cylindrical,510,0.99,8.00,59.00,0.01,3.17,5.50,Bodianus,spp.,Bodianus spp.,,Bodianus spp.
Labridae,Bodianus perditio,cylindrical,496,0.99,16.50,59.00,0.01,3.15,5.90,Bodianus,perditio,Bodianus perditio,,Bodianus perditio
Labridae,Cheilinus spp.,cylindrical,111,1.00,4.20,93.00,0.02,3.06,15.50,Cheilinus,spp.,Cheilinus spp.,,Cheilinus spp.
Labridae,Cheilinus bimaculatus,cylindrical,28,0.97,5.00,13.00,0.07,2.32,10.90,Cheilinus,bimaculatus,Cheilinus bimaculatus,,Cheilinus bimaculatus
Labridae,Cheilinus chlorourus,compressed,44,0.99,4.20,32.00,0.02,2.99,11.70,Cheilinus,chlorourus,Cheilinus chlorourus,,Cheilinus chlorourus
Labridae,Cheilinus trilobatus,compressed,9,1.00,8.50,24.00,0.02,3.06,8.50,Cheilinus,trilobatus,Cheilinus trilobatus,,Cheilinus trilobatus
Labridae,Cheilinus undulatus,compressed,16,1.00,23.00,93.00,0.01,3.14,4.40,Cheilinus,undulatus,Cheilinus undulatus,,Cheilinus undulatus
Labridae,Cheilio inermis,semi-elongated,12,1.00,5.80,23.70,0.00,3.08,8.50,Cheilio,inermis,Cheilio inermis,,Cheilio inermis
Labridae,Choerodon graphicus,cylindrical,140,1.00,4.00,51.50,0.02,3.12,9.30,Choerodon,graphicus,Choerodon graphicus,,Choerodon graphicus
Labridae,Coris spp.,cylindrical,20,1.00,5.20,55.00,0.01,3.25,8.30,Coris,spp.,Coris spp.,,Coris spp.
Labridae,Coris aygula,cylindrical,11,0.99,32.50,55.00,0.00,3.49,5.20,Coris,aygula,Coris aygula,,Coris aygula
Labridae,Epibulus insidiator,compressed,19,0.99,8.70,35.00,0.02,3.08,11.60,Epibulus,insidiator,Epibulus insidiator,,Epibulus insidiator
Labridae,Gomphosus varius,odd,22,1.00,5.00,21.20,0.02,2.70,8.60,Gomphosus,varius,Gomphosus varius,,Gomphosus varius
Labridae,Halichoeres spp.,cylindrical,80,0.98,3.10,19.30,0.02,2.99,13.70,Halichoeres,spp.,Halichoeres spp.,,Halichoeres spp.
Labridae,Halichoeres argus,cylindrical,18,0.97,3.10,10.10,0.02,2.96,14.90,Halichoeres,argus,Halichoeres argus,,Halichoeres argus
Labridae,Halichoeres melanurus,cylindrical,26,0.95,3.60,10.60,0.01,3.26,19.00,Halichoeres,melanurus,Halichoeres melanurus,,Halichoeres melanurus
Labridae,Halichoeres trimaculatus,cylindrical,22,0.99,3.50,16.00,0.03,2.74,10.80,Halichoeres,trimaculatus,Halichoeres trimaculatus,,Halichoeres trimaculatus
Labridae,Hemigymnus melapterus,cylindrical,22,1.00,6.20,34.50,0.02,2.92,7.10,Hemigymnus,melapterus,Hemigymnus melapterus,,Hemigymnus melapterus
Labridae,Labroides dimidiatus,semi-elongated,36,0.98,4.50,11.30,0.01,3.23,10.10,Labroides,dimidiatus,Labroides dimidiatus,,Labroides dimidiatus
Labridae,Stethojulis spp.,cylindrical,170,0.96,2.50,11.50,0.02,2.89,7.10,Stethojulis,spp.,Stethojulis spp.,,Stethojulis spp.
Labridae,Stethojulis bandanensis,cylindrical,23,0.92,3.00,10.00,0.03,2.58,25.90,Stethojulis,bandanensis,Stethojulis bandanensis,,Stethojulis bandanensis
Labridae,Stetholulis interrupta,cylindrical,24,0.96,3.10,9.00,0.03,2.61,23.10,Stetholulis,interrupta,Stetholulis interrupta,,Stetholulis interrupta
Labridae,Stethojulis strigiventer,cylindrical,147,0.97,2.50,11.50,0.02,2.88,12.60,Stethojulis,strigiventer,Stethojulis strigiventer,,Stethojulis strigiventer
Labridae,Thalassoma spp.,cylindrical,158,0.96,2.80,17.60,0.01,3.10,24.40,Thalassoma,spp.,Thalassoma spp.,,Thalassoma spp.
Labridae,Thalassoma hardwicke,cylindrical,10,1.00,5.50,16.30,0.02,2.98,7.00,Thalassoma,hardwicke,Thalassoma hardwicke,,Thalassoma hardwicke
Labridae,Thalassoma lunare,cylindrical,85,0.98,2.80,16.50,0.02,2.83,15.40,Thalassoma,lunare,Thalassoma lunare,,Thalassoma lunare
Labridae,Thalassoma lutescens,cylindrical,51,0.99,4.50,17.60,0.01,3.04,7.60,Thalassoma,lutescens,Thalassoma lutescens,,Thalassoma lutescens
Leiognathidae,,very-flat,1024,0.99,2.50,21.00,0.02,3.11,13.00,,, ,,
Leiognathidae,Gazza minuta,very-flat,151,0.99,2.50,21.00,0.03,2.88,8.80,Gazza,minuta,Gazza minuta,,Gazza minuta
Leiognathidae,Leiognathus spp.,very-flat,856,0.98,2.50,20.00,0.02,3.19,11.80,Leiognathus,spp.,Leiognathus spp.,,Leiognathus spp.
Leiognathidae,Leiognathus bindus,very-flat,127,0.96,3.00,9.00,0.03,2.90,8.90,Leiognathus,bindus,Leiognathus bindus,,Leiognathus bindus
Leiognathidae,Leiognathus equulus,very-flat,380,0.99,2.50,20.00,0.03,2.98,9.20,Leiognathus,equulus,Leiognathus equulus,,Leiognathus equulus
Leiognathidae,Leiognathus fasciatus,very-flat,61,0.99,5.00,15.50,0.02,3.10,8.20,Leiognathus,fasciatus,Leiognathus fasciatus,,Leiognathus fasciatus
Leiognathidae,Leiognathus leuciscus,very-flat,59,0.98,5.00,9.00,0.01,3.49,7.50,Leiognathus,leuciscus,Leiognathus leuciscus,,Leiognathus leuciscus
Leiognathidae,Leiognathus rivulatus,very-flat,39,0.96,6.00,10.00,0.02,3.01,6.50,Leiognathus,rivulatus,Leiognathus rivulatus,,Leiognathus rivulatus
Leiognathidae,Leiognathus splendens,very-flat,161,0.97,4.50,11.50,0.03,2.95,8.30,Leiognathus,splendens,Leiognathus splendens,,Leiognathus splendens
Leiognathidae,Secutor ruconius,very-flat,17,0.92,3.50,6.50,0.03,2.97,13.30,Secutor,ruconius,Secutor ruconius,,Secutor ruconius
Lethrinidae,,heterogeneous,8527,1.00,2.50,86.00,0.02,3.04,9.40,,, ,,
Lethrinidae,Gnathodentex aurolineatus,cylindrical,53,0.98,8.50,20.50,0.02,3.06,6.20,Gnathodentex,aurolineatus,Gnathodentex aurolineatus,,Gnathodentex aurolineatus
Lethrinidae,Gymnocranius spp.,compressed,814,1.00,6.50,69.00,0.03,2.91,5.90,Gymnocranius,spp.,Gymnocranius spp.,,Gymnocranius spp.
Lethrinidae,Gymnocranius euanus,compressed,372,0.99,10.00,49.00,0.02,3.00,5.30,Gymnocranius,euanus,Gymnocranius euanus,,Gymnocranius euanus
Lethrinidae,Gymnocranius grandocculis,compressed,243,1.00,16.00,69.00,0.03,2.89,6.50,Gymnocranius,grandocculis,Gymnocranius grandocculis,,Gymnocranius grandocculis
Lethrinidae,Gymnocranius sp.FAO,compressed,120,1.00,9.00,53.00,0.03,2.93,4.50,Gymnocranius,sp.FAO,Gymnocranius sp.FAO,,Gymnocranius sp.FAO
Lethrinidae,Lethrinus spp.,heterogeneous,7597,1.00,2.50,86.00,0.02,3.04,9.60,Lethrinus,spp.,Lethrinus spp.,,Lethrinus spp.
Lethrinidae,Lethrinus atkinsoni,compressed,2038,0.99,4.20,45.50,0.02,3.06,6.30,Lethrinus,atkinsoni,Lethrinus atkinsoni,,Lethrinus atkinsoni
Lethrinidae,Lethrinus genivittatus,cylindrical,877,0.99,2.50,22.00,0.02,3.00,8.30,Lethrinus,genivittatus,Lethrinus genivittatus,,Lethrinus genivittatus
Lethrinidae,Lethrinus harak,cylindrical,111,1.00,6.00,32.00,0.02,3.04,6.10,Lethrinus,harak,Lethrinus harak,,Lethrinus harak
Lethrinidae,Lethrinus lentjan,compressed,380,1.00,6.50,44.50,0.02,2.99,5.50,Lethrinus,lentjan,Lethrinus lentjan,,Lethrinus lentjan
Lethrinidae,Lethrinus miniatus,cylindrical,59,0.99,18.50,54.50,0.01,3.28,7.20,Lethrinus,miniatus,Lethrinus miniatus,,Lethrinus miniatus
Lethrinidae,Lethrinus nebulosus,compressed,2980,1.00,3.50,69.50,0.02,3.00,6.10,Lethrinus,nebulosus,Lethrinus nebulosus,,Lethrinus nebulosus
Lethrinidae,Lethrinus obsoletus,cylindrical,133,0.99,11.00,31.00,0.02,3.03,7.50,Lethrinus,obsoletus,Lethrinus obsoletus,,Lethrinus obsoletus
Lethrinidae,Lethrinus olivaceus,cylindrical,135,0.99,22.50,72.50,0.03,2.85,8.80,Lethrinus,olivaceus,Lethrinus olivaceus,,Lethrinus olivaceus
Lethrinidae,Lethrinus ravus,cylindrical,9,1.00,11.00,53.20,0.01,3.07,9.50,Lethrinus,ravus,Lethrinus ravus,,Lethrinus ravus
Lethrinidae,Lethrinus rubrioperculatus,cylindrical,661,0.99,16.50,39.50,0.01,3.11,5.70,Lethrinus,rubrioperculatus,Lethrinus rubrioperculatus,,Lethrinus rubrioperculatus
Lethrinidae,Lethrinus semicinctus,cylindrical,155,0.99,3.00,29.00,0.01,3.12,8.60,Lethrinus,semicinctus,Lethrinus semicinctus,,Lethrinus semicinctus
Lethrinidae,Lethrinus xanthochilus,cylindrical,59,0.99,22.00,62.50,0.02,2.96,7.70,Lethrinus,xanthochilus,Lethrinus xanthochilus,,Lethrinus xanthochilus
Lethrinidae,Monotaxis grandoculis,compressed,63,1.00,4.00,45.00,0.02,3.02,7.30,Monotaxis,grandoculis,Monotaxis grandoculis,,Monotaxis grandoculis
Lutjanidae,,heterogeneous,5281,0.99,4.00,92.00,0.02,3.02,11.60,,, ,,
Lutjanidae,Aprion virescens,cylindrical,121,0.98,22.50,88.00,0.02,2.89,8.30,Aprion,virescens,Aprion virescens,,Aprion virescens
Lutjanidae,Lutjanus spp.,heterogeneous,5107,0.99,4.00,77.00,0.02,3.06,10.80,Lutjanus,spp.,Lutjanus spp.,,Lutjanus spp.
Lutjanidae,Lutjanus adetii,compressed,269,0.99,18.50,47.00,0.01,3.26,7.10,Lutjanus,adetii,Lutjanus adetii,,Lutjanus adetii
Lutjanidae,Lutjanus argentimaculatus,cylindrical,308,1.00,5.50,68.00,0.03,2.84,5.60,Lutjanus,argentimaculatus,Lutjanus argentimaculatus,,Lutjanus argentimaculatus
Lutjanidae,Lutjanus bohar,cylindrical,510,1.00,4.00,75.00,0.02,3.06,6.00,Lutjanus,bohar,Lutjanus bohar,,Lutjanus bohar
Lutjanidae,Lutjanus fulviflammus,cylindrical,867,0.99,5.00,32.50,0.02,2.96,6.60,Lutjanus,fulviflammus,Lutjanus fulviflammus,,Lutjanus fulviflammus
Lutjanidae,Lutjanus fulvus,cylindrical,318,0.99,4.00,31.00,0.02,2.97,8.30,Lutjanus,fulvus,Lutjanus fulvus,,Lutjanus fulvus
Lutjanidae,Lutjanus gibbus,compressed,515,0.99,14.20,40.50,0.01,3.14,6.30,Lutjanus,gibbus,Lutjanus gibbus,,Lutjanus gibbus
Lutjanidae,Lutjanus kasmira,cylindrical,127,0.98,4.00,26.00,0.01,3.25,7.80,Lutjanus,kasmira,Lutjanus kasmira,,Lutjanus kasmira
Lutjanidae,Lutjanus lutjanus,cylindrical,68,0.99,8.50,28.00,0.02,2.97,5.80,Lutjanus,lutjanus,Lutjanus lutjanus,,Lutjanus lutjanus
Lutjanidae,Lutjanus monostigma,cylindrical,15,0.99,25.00,53.50,0.02,2.91,9.40,Lutjanus,monostigma,Lutjanus monostigma,,Lutjanus monostigma
Lutjanidae,Lutjanus quinquelineatus,cylindrical,864,0.97,5.50,23.00,0.01,3.10,9.90,Lutjanus,quinquelineatus,Lutjanus quinquelineatus,,Lutjanus quinquelineatus
Lutjanidae,Lutjanus rivulatus,compressed,12,0.99,15.50,76.00,0.01,3.26,11.80,Lutjanus,rivulatus,Lutjanus rivulatus,,Lutjanus rivulatus
Lutjanidae,Lutjanus russelli,cylindrical,171,0.99,9.50,37.00,0.02,2.98,7.80,Lutjanus,russelli,Lutjanus russelli,,Lutjanus russelli
Lutjanidae,Lutjanus sebae,compressed,34,1.00,24.50,77.00,0.01,3.15,4.80,Lutjanus,sebae,Lutjanus sebae,,Lutjanus sebae
Lutjanidae,Lutjanus semicinctus,cylindrical,31,0.98,18.00,35.00,0.00,3.43,8.10,Lutjanus,semicinctus,Lutjanus semicinctus,,Lutjanus semicinctus
Lutjanidae,Lutjanus vittus,cylindrical,998,0.99,9.00,38.50,0.01,3.08,7.50,Lutjanus,vittus,Lutjanus vittus,,Lutjanus vittus
Lutjanidae,Symphorus nematophorus,cylindrical,41,0.98,44.50,92.00,0.01,3.05,5.70,Symphorus,nematophorus,Symphorus nematophorus,,Symphorus nematophorus
Megalopidae,Megalops cyprinoides,semi-elongated,35,0.99,17.00,47.00,0.01,3.03,7.10,Megalops,cyprinoides,Megalops cyprinoides,,Megalops cyprinoides
Microcanthidae,Microcanthus strigatus,compressed,14,0.96,9.20,15.00,0.05,2.82,9.70,Microcanthus,strigatus,Microcanthus strigatus,,Microcanthus strigatus
Microcanthidae,Paramonacanthus japonicus,compressed,48,0.95,5.00,17.00,0.02,2.89,13.00,Paramonacanthus,japonicus,Paramonacanthus japonicus,,Paramonacanthus japonicus
Monacanthidae,Pseudalutarius nasicornis,compressed,209,0.96,8.00,13.50,0.01,3.26,6.90,Pseudalutarius,nasicornis,Pseudalutarius nasicornis,,Pseudalutarius nasicornis
Monodactylidae,Monodactylus argenteus,compressed,203,0.99,2.00,18.50,0.03,2.96,8.00,Monodactylus,argenteus,Monodactylus argenteus,,Monodactylus argenteus
Mugilidae,,cylindrical,2825,0.99,4.00,60.00,0.01,3.05,7.00,,, ,,
Mugilidae,Liza spp.,cylindrical,1544,0.99,4.00,35.50,0.01,3.02,6.50,Liza,spp.,Liza spp.,,Liza spp.
Mugilidae,Liza macrolepis,cylindrical,806,0.99,6.00,29.00,0.01,3.01,6.70,Liza,macrolepis,Liza macrolepis,,Liza macrolepis
Mugilidae,Liza melinoptera,cylindrical,735,0.98,4.00,35.50,0.01,3.05,6.70,Liza,melinoptera,Liza melinoptera,,Liza melinoptera
Mugilidae,Mugil cephalus,cylindrical,182,1.00,6.50,48.50,0.01,3.09,6.50,Mugil,cephalus,Mugil cephalus,,Mugil cephalus
Mugilidae,Valamugil spp.,cylindrical,919,1.00,5.00,60.00,0.01,3.15,10.70,Valamugil,spp.,Valamugil spp.,,Valamugil spp.
Mugilidae,Valamugil buchanani,cylindrical,680,1.00,7.00,60.00,0.01,3.10,7.60,Valamugil,buchanani,Valamugil buchanani,,Valamugil buchanani
Mugilidae,Valamugil engeli,cylindrical,196,0.99,6.50,26.00,0.01,3.29,8.90,Valamugil,engeli,Valamugil engeli,,Valamugil engeli
Mugilidae,Valamugil seheli,cylindrical,38,1.00,11.50,43.50,0.01,3.28,6.10,Valamugil,seheli,Valamugil seheli,,Valamugil seheli
Mullidae,,cylindrical,2902,0.99,3.50,41.00,0.01,3.22,9.70,,, ,,
Mullidae,Mulloides spp.,cylindrical,29,0.98,10.00,21.50,0.01,3.29,12.90,Mulloides,spp.,Mulloides spp.,,Mulloides spp.
Mullidae,Mulloides flavolineatus,cylindrical,24,0.95,10.00,19.50,0.01,3.10,7.60,Mulloides,flavolineatus,Mulloides flavolineatus,,Mulloides flavolineatus
Mullidae,Parupeneus spp.,cylindrical,816,0.99,3.50,41.00,0.01,3.13,10.10,Parupeneus,spp.,Parupeneus spp.,,Parupeneus spp.
Mullidae,Parupeneus barberinus,cylindrical,19,1.00,8.00,41.00,0.01,3.12,5.40,Parupeneus,barberinus,Parupeneus barberinus,,Parupeneus barberinus
Mullidae,Parupeneus ciliatus,cylindrical,92,1.00,3.50,24.50,0.01,3.22,9.00,Parupeneus,ciliatus,Parupeneus ciliatus,,Parupeneus ciliatus
Mullidae,Parupeneus heptacanthus,cylindrical,522,0.99,5.50,23.50,0.02,3.08,6.90,Parupeneus,heptacanthus,Parupeneus heptacanthus,,Parupeneus heptacanthus
Mullidae,Parupeneus indicus,cylindrical,91,1.00,3.50,36.00,0.01,3.11,11.70,Parupeneus,indicus,Parupeneus indicus,,Parupeneus indicus
Mullidae,Parupeneus multifasciatus,cylindrical,53,0.98,3.50,22.80,0.01,3.21,17.00,Parupeneus,multifasciatus,Parupeneus multifasciatus,,Parupeneus multifasciatus
Mullidae,Parupeneus spilurus,cylindrical,19,1.00,11.40,29.50,0.02,3.02,4.60,Parupeneus,spilurus,Parupeneus spilurus,,Parupeneus spilurus
Mullidae,Upeneus spp.,cylindrical,2057,0.98,3.50,24.00,0.01,3.22,7.50,Upeneus,spp.,Upeneus spp.,,Upeneus spp.
Mullidae,Upeneus moluccensis,cylindrical,955,0.98,6.50,17.00,0.02,3.02,6.70,Upeneus,moluccensis,Upeneus moluccensis,,Upeneus moluccensis
Mullidae,Upeneus guttatus,cylindrical,21,0.99,8.00,13.50,0.02,2.88,5.10,Upeneus,guttatus,Upeneus guttatus,,Upeneus guttatus
Mullidae,Upeneus australiae,cylindrical,332,0.98,7.50,15.50,0.01,3.11,7.20,Upeneus,australiae,Upeneus australiae,,Upeneus australiae
Mullidae,Upeneus sulphureus,cylindrical,38,0.95,11.00,17.00,0.01,3.32,6.90,Upeneus,sulphureus,Upeneus sulphureus,,Upeneus sulphureus
Mullidae,Upeneus tragula,cylindrical,380,0.99,3.50,24.00,0.01,3.07,8.00,Upeneus,tragula,Upeneus tragula,,Upeneus tragula
Mullidae,Upeneus vittatus,cylindrical,329,0.99,6.00,24.00,0.01,3.35,8.50,Upeneus,vittatus,Upeneus vittatus,,Upeneus vittatus
Muraenidae,,elongated,175,0.94,3.70,256.00,0.00,2.61,43.40,,, ,,
Muraenidae,Echidna spp.,elongated,22,0.97,11.00,64.00,0.00,3.35,13.90,Echidna,spp.,Echidna spp.,,Echidna spp.
Muraenidae,Gymnothorax spp.,elongated,99,0.92,3.70,120.00,0.00,3.30,20.00,Gymnothorax,spp.,Gymnothorax spp.,,Gymnothorax spp.
Muraenidae,Gymnothorax fimbriatus,elongated,20,0.99,11.00,44.00,0.00,3.32,10.60,Gymnothorax,fimbriatus,Gymnothorax fimbriatus,,Gymnothorax fimbriatus
Muraenidae,Thyrsoidea spp.,elongated,40,1.00,22.00,223.50,0.01,2.31,9.80,Thyrsoidea,spp.,Thyrsoidea spp.,,Thyrsoidea spp.
Muraenidae,Thyrsoidea macrura,elongated,37,1.00,22.00,223.50,0.01,2.31,13.20,Thyrsoidea,macrura,Thyrsoidea macrura,,Thyrsoidea macrura
Nemipteridae,,cylindrical,1539,0.98,3.50,27.00,0.02,3.00,13.10,,, ,,
Nemipteridae,Nemipterus spp.,cylindrical,869,0.97,11.50,27.00,0.01,3.31,7.90,Nemipterus,spp.,Nemipterus spp.,,Nemipterus spp.
Nemipteridae,Nemipterus furcosus,cylindrical,598,0.98,11.50,27.00,0.01,3.36,8.70,Nemipterus,furcosus,Nemipterus furcosus,,Nemipterus furcosus
Nemipteridae,Nemipterus peroni,cylindrical,271,0.94,15.50,26.50,0.01,3.25,8.20,Nemipterus,peroni,Nemipterus peroni,,Nemipterus peroni
Nemipteridae,Scolopsis spp.,cylindrical,669,0.98,3.50,22.00,0.02,3.05,17.10,Scolopsis,spp.,Scolopsis spp.,,Scolopsis spp.
Nemipteridae,Scolopsis bilineatus,cylindrical,104,1.00,3.50,19.40,0.01,3.17,8.30,Scolopsis,bilineatus,Scolopsis bilineatus,,Scolopsis bilineatus
Nemipteridae,Scolopsis taeniopterus,cylindrical,563,0.98,7.00,22.00,0.02,2.98,7.40,Scolopsis,taeniopterus,Scolopsis taeniopterus,,Scolopsis taeniopterus
Opistognathidae,Opisthognathus spp.,cylindrical,28,0.90,3.50,7.50,0.02,2.45,13.90,Opisthognathus,spp.,Opisthognathus spp.,,Opisthognathus spp.
Ostraciidae,,odd,67,0.96,2.50,41.00,0.09,2.58,26.40,,, ,,
Lactoria,spp.,odd,24,0.89,7.50,30.00,0.40,1.93,35.20,spp.,,spp. ,,spp.
Lactoria,cornuta,odd,15,0.93,20.50,30.00,0.01,3.17,7.60,cornuta,,cornuta ,,cornuta
Ostracion,cubicus,odd,20,1.00,2.50,41.00,0.13,2.52,10.50,cubicus,,cubicus ,,cubicus
Tetrosomus,gibbosus,odd,23,0.97,5.00,26.00,0.18,2.37,11.70,gibbosus,,gibbosus ,,gibbosus
Pinguipedidae,Parapercis spp.,cylindrical,202,0.98,2.50,23.00,0.01,2.94,9.50,Parapercis,spp.,Parapercis spp.,,Parapercis spp.
Pinguipedidae,Parapercis cylindrica,cylindrical,159,0.97,2.50,13.00,0.01,3.00,14.40,Parapercis,cylindrica,Parapercis cylindrica,,Parapercis cylindrica
Pinguipedidae,Parapercis hexophtalma,cylindrical,15,1.00,7.00,23.00,0.01,3.16,7.80,Parapercis,hexophtalma,Parapercis hexophtalma,,Parapercis hexophtalma
Pinguipedidae,Parapercis xanthozona,cylindrical,19,0.98,3.50,17.50,0.01,2.89,14.10,Parapercis,xanthozona,Parapercis xanthozona,,Parapercis xanthozona
Platycephalidae,,cylindrical,113,0.99,6.00,52.00,0.01,2.92,12.10,,, ,,
Platycephalidae,Cymbacephalus beauforti,cylindrical,14,1.00,19.50,52.00,0.00,3.21,4.50,Cymbacephalus,beauforti,Cymbacephalus beauforti,,Cymbacephalus beauforti
Platycephalidae,Onigocia macrolepis,cylindrical,39,0.99,6.00,17.00,0.02,2.65,6.30,Onigocia,macrolepis,Onigocia macrolepis,,Onigocia macrolepis
Platycephalidae,Onigocia spinosa,cylindrical,26,0.99,6.00,19.00,0.04,2.47,9.10,Onigocia,spinosa,Onigocia spinosa,,Onigocia spinosa
Platycephalidae,Thysanophrys chiltonae,cylindrical,20,0.99,7.50,22.10,0.00,3.35,9.90,Thysanophrys,chiltonae,Thysanophrys chiltonae,,Thysanophrys chiltonae
Plesiopidae,,cylindrical,57,0.92,3.50,10.50,0.00,3.86,13.50,,, ,,
Plesiopidae,Assessor macneili,cylindrical,27,0.93,3.70,7.00,0.02,2.79,12.40,Assessor,macneili,Assessor macneili,,Assessor macneili
Plesiopidae,Plesiops coeruleolineatus,cylindrical,23,0.94,3.50,10.50,0.01,3.50,18.30,Plesiops,coeruleolineatus,Plesiops coeruleolineatus,,Plesiops coeruleolineatus
Polynemidae,Polydactylus microstoma,cylindrical,112,0.98,10.50,24.50,0.01,3.12,6.50,Polydactylus,microstoma,Polydactylus microstoma,,Polydactylus microstoma
Pomacanthidae,,compressed,232,0.98,2.00,36.40,0.06,2.72,15.50,,, ,,
Pomacanthidae,Centropyge spp.,compressed,210,0.97,2.00,13.50,0.07,2.58,17.20,Centropyge,spp.,Centropyge spp.,,Centropyge spp.
Pomacanthidae,Centropyge bispinosus,compressed,117,0.96,2.00,11.50,0.09,2.46,15.30,Centropyge,bispinosus,Centropyge bispinosus,,Centropyge bispinosus
Pomacanthidae,Centropyge tibicen,compressed,77,0.98,2.00,13.50,0.05,2.80,10.60,Centropyge,tibicen,Centropyge tibicen,,Centropyge tibicen
Pomacanthidae,Pomacanthus sextriatus,compressed,20,1.00,3.50,36.40,0.07,2.72,3.70,Pomacanthus,sextriatus,Pomacanthus sextriatus,,Pomacanthus sextriatus
Pomacentridae,,heterogeneous,2262,0.97,1.50,17.80,0.02,3.19,15.10,,, ,,
Pomacentridae,Abudefduf spp.,compressed,135,0.99,5.00,15.50,0.02,3.13,8.20,Abudefduf,spp.,Abudefduf spp.,,Abudefduf spp.
Pomacentridae,Abudefduf sexfasciatus,compressed,98,0.98,5.00,15.00,0.02,3.15,10.90,Abudefduf,sexfasciatus,Abudefduf sexfasciatus,,Abudefduf sexfasciatus
Pomacentridae,Abudefduf whitleyi,compressed,34,1.00,5.00,15.50,0.03,3.09,7.70,Abudefduf,whitleyi,Abudefduf whitleyi,,Abudefduf whitleyi
Pomacentridae,Amblyglyphidodon spp.,compressed,34,0.95,4.50,10.50,0.01,3.33,13.70,Amblyglyphidodon,spp.,Amblyglyphidodon spp.,,Amblyglyphidodon spp.
Pomacentridae,Amblyglyphidodon curacao,compressed,18,0.99,4.50,10.50,0.01,3.44,8.20,Amblyglyphidodon,curacao,Amblyglyphidodon curacao,,Amblyglyphidodon curacao
Pomacentridae,Amblyglyphidodon leucogaster,compressed,14,0.93,6.50,10.40,0.03,2.94,9.80,Amblyglyphidodon,leucogaster,Amblyglyphidodon leucogaster,,Amblyglyphidodon leucogaster
Pomacentridae,Amphiprion spp.,compressed,71,0.98,2.20,12.90,0.02,3.19,10.90,Amphiprion,spp.,Amphiprion spp.,,Amphiprion spp.
Pomacentridae,Amphiprion akindynos,compressed,21,0.99,4.00,12.90,0.03,2.93,9.90,Amphiprion,akindynos,Amphiprion akindynos,,Amphiprion akindynos
Pomacentridae,Amphiprion melanopus,compressed,32,0.96,2.20,10.80,0.02,3.30,12.30,Amphiprion,melanopus,Amphiprion melanopus,,Amphiprion melanopus
Pomacentridae,Amphiprion tricinctus,compressed,13,0.98,5.50,12.00,0.04,2.90,12.30,Amphiprion,tricinctus,Amphiprion tricinctus,,Amphiprion tricinctus
Pomacentridae,Chromis spp.,compressed,373,0.97,2.00,12.00,0.02,3.18,13.30,Chromis,spp.,Chromis spp.,,Chromis spp.
Pomacentridae,Chromis atripectoralis,compressed,24,0.99,3.50,9.00,0.02,3.29,10.40,Chromis,atripectoralis,Chromis atripectoralis,,Chromis atripectoralis
Pomacentridae,Chromis chrysura,compressed,58,0.98,5.50,12.00,0.02,3.22,8.10,Chromis,chrysura,Chromis chrysura,,Chromis chrysura
Pomacentridae,Chromis fumea,compressed,61,0.98,4.50,9.00,0.01,3.35,8.60,Chromis,fumea,Chromis fumea,,Chromis fumea
Pomacentridae,Chromis iomelas,compressed,9,0.99,3.50,6.50,0.02,3.38,7.90,Chromis,iomelas,Chromis iomelas,,Chromis iomelas
Pomacentridae,Chromis lepidolepis,compressed,16,0.90,5.00,6.80,0.20,1.94,6.30,Chromis,lepidolepis,Chromis lepidolepis,,Chromis lepidolepis
Pomacentridae,Chromis ternatensis,compressed,30,0.92,5.00,7.50,0.02,3.41,8.70,Chromis,ternatensis,Chromis ternatensis,,Chromis ternatensis
Pomacentridae,Chromis viridis,compressed,144,0.93,2.00,7.00,0.04,2.90,16.00,Chromis,viridis,Chromis viridis,,Chromis viridis
Pomacentridae,Chrysiptera spp.,cylindrical,107,0.93,3.50,8.20,0.03,2.93,12.60,Chrysiptera,spp.,Chrysiptera spp.,,Chrysiptera spp.
Pomacentridae,Chrysiptera taupou,cylindrical,85,0.95,3.50,8.20,0.02,3.00,13.50,Chrysiptera,taupou,Chrysiptera taupou,,Chrysiptera taupou
Pomacentridae,Dascyllus spp.,compressed,138,0.98,2.40,13.50,0.05,2.91,9.80,Dascyllus,spp.,Dascyllus spp.,,Dascyllus spp.
Pomacentridae,Dascyllus aruanus,compressed,112,0.94,2.40,6.50,0.04,2.99,12.90,Dascyllus,aruanus,Dascyllus aruanus,,Dascyllus aruanus
Pomacentridae,Dascyllus reticulatus,compressed,16,0.97,3.30,8.00,0.03,3.13,13.60,Dascyllus,reticulatus,Dascyllus reticulatus,,Dascyllus reticulatus
Pomacentridae,Dascyllus trimaculatus,compressed,10,1.00,5.50,13.50,0.03,3.04,5.70,Dascyllus,trimaculatus,Dascyllus trimaculatus,,Dascyllus trimaculatus
Pomacentridae,Neoglyphidodon spp.,compressed,50,0.98,4.00,10.80,0.02,3.21,5.80,Neoglyphidodon,spp.,Neoglyphidodon spp.,,Neoglyphidodon spp.
Pomacentridae,Neoglyphidodon nigroris,compressed,10,0.99,6.50,10.60,0.02,3.18,3.80,Neoglyphidodon,nigroris,Neoglyphidodon nigroris,,Neoglyphidodon nigroris
Pomacentridae,Neoglyphidodon polyacanthus,compressed,37,0.98,4.00,10.80,0.02,3.15,11.20,Neoglyphidodon,polyacanthus,Neoglyphidodon polyacanthus,,Neoglyphidodon polyacanthus
Pomacentridae,Neopomacentrus spp.,cylindrical,171,0.94,1.50,7.00,0.03,2.93,10.20,Neopomacentrus,spp.,Neopomacentrus spp.,,Neopomacentrus spp.
Pomacentridae,Neopomacentrus azysron,cylindrical,21,0.97,3.50,6.90,0.03,2.94,8.10,Neopomacentrus,azysron,Neopomacentrus azysron,,Neopomacentrus azysron
Pomacentridae,Neopomacentrus nemurus,cylindrical,101,0.90,4.50,7.00,0.03,2.91,9.40,Neopomacentrus,nemurus,Neopomacentrus nemurus,,Neopomacentrus nemurus
Pomacentridae,Pomacentrus spp.,compressed,898,0.96,2.00,14.50,0.03,3.02,12.10,Pomacentrus,spp.,Pomacentrus spp.,,Pomacentrus spp.
Pomacentridae,Pomacentrus adelus,compressed,143,0.94,2.00,8.00,0.02,3.29,10.60,Pomacentrus,adelus,Pomacentrus adelus,,Pomacentrus adelus
Pomacentridae,Pomacentrus amboinensis,compressed,128,0.97,2.50,10.50,0.04,2.82,11.30,Pomacentrus,amboinensis,Pomacentrus amboinensis,,Pomacentrus amboinensis
Pomacentridae,Pomacentrus chrysurus,compressed,54,0.97,2.50,14.50,0.03,3.08,12.10,Pomacentrus,chrysurus,Pomacentrus chrysurus,,Pomacentrus chrysurus
Pomacentridae,Pomacentrus imitator,compressed,10,0.95,6.30,9.20,0.01,3.47,11.20,Pomacentrus,imitator,Pomacentrus imitator,,Pomacentrus imitator
Pomacentridae,Pomacentrus lepidogenys,compressed,36,0.98,4.50,8.00,0.02,3.21,9.20,Pomacentrus,lepidogenys,Pomacentrus lepidogenys,,Pomacentrus lepidogenys
Pomacentridae,Pomacentrus melanopterus,compressed,13,0.99,4.00,9.50,0.01,3.39,10.50,Pomacentrus,melanopterus,Pomacentrus melanopterus,,Pomacentrus melanopterus
Pomacentridae,Pomacentrus moluccensis,compressed,38,0.90,5.00,7.60,0.03,3.01,10.40,Pomacentrus,moluccensis,Pomacentrus moluccensis,,Pomacentrus moluccensis
Pomacentridae,Pomacentrus pavo,cylindrical,172,0.98,2.50,9.50,0.03,2.97,10.40,Pomacentrus,pavo,Pomacentrus pavo,,Pomacentrus pavo
Pomacentridae,Pomacentrus philippinus,compressed,73,0.97,3.50,9.50,0.02,3.06,10.80,Pomacentrus,philippinus,Pomacentrus philippinus,,Pomacentrus philippinus
Pomacentridae,Pomacentrus vaiuli,compressed,84,0.97,2.50,8.50,0.05,2.78,13.10,Pomacentrus,vaiuli,Pomacentrus vaiuli,,Pomacentrus vaiuli
Pomacentridae,Teixeirichthys jordani,cylindrical,50,0.97,7.00,10.00,0.02,3.07,5.40,Teixeirichthys,jordani,Teixeirichthys jordani,,Teixeirichthys jordani
Pomacentridae,Stegastes spp.,compressed,205,0.98,2.50,15.50,0.04,2.99,10.30,Stegastes,spp.,Stegastes spp.,,Stegastes spp.
Pomacentridae,Stegastes fasciatus,compressed,11,0.90,8.50,12.00,0.00,4.06,11.70,Stegastes,fasciatus,Stegastes fasciatus,,Stegastes fasciatus
Pomacentridae,Stegastes lividus,compressed,12,0.94,7.50,15.50,0.07,2.74,13.80,Stegastes,lividus,Stegastes lividus,,Stegastes lividus
Pomacentridae,Stegastes nigricans,compressed,182,0.99,2.50,12.50,0.04,3.01,9.40,Stegastes,nigricans,Stegastes nigricans,,Stegastes nigricans
Priacanthidae,,compressed,119,1.00,4.50,38.00,0.03,2.81,7.70,,, ,,
Priacanthidae,Heteropriacanthus cruentatus,compressed,10,0.99,9.00,20.00,0.03,2.82,8.20,Heteropriacanthus,cruentatus,Heteropriacanthus cruentatus,,Heteropriacanthus cruentatus
Priacanthidae,Priacanthus hamrur,compressed,106,1.00,4.50,33.00,0.03,2.80,5.70,Priacanthus,hamrur,Priacanthus hamrur,,Priacanthus hamrur
Pseudochromidae,,cylindrical,106,0.92,2.70,8.10,0.02,2.81,8.10,,, ,,
Pseudochromidae,Pseudochromis spp.,cylindrical,97,0.95,4.00,8.10,0.01,3.17,8.40,Pseudochromis,spp.,Pseudochromis spp.,,Pseudochromis spp.
Pseudochromidae,Pseudochromis purpurascens,cylindrical,72,0.95,4.00,8.10,0.01,3.15,13.70,Pseudochromis,purpurascens,Pseudochromis purpurascens,,Pseudochromis purpurascens
Pseudochromidae,Pseudochromis salvati,cylindrical,22,0.89,4.90,7.70,0.02,2.75,9.10,Pseudochromis,salvati,Pseudochromis salvati,,Pseudochromis salvati
Scaridae,,cylindrical,668,1.00,2.30,68.00,0.02,2.97,12.60,,, ,,
Scaridae,Chlorurus sordidus,cylindrical,158,1.00,2.30,37.00,0.02,2.97,7.60,Chlorurus,sordidus,Chlorurus sordidus,,Chlorurus sordidus
Scaridae,Leptoscarus vaigiensis,cylindrical,21,1.00,3.50,19.60,0.02,2.99,8.70,Leptoscarus,vaigiensis,Leptoscarus vaigiensis,,Leptoscarus vaigiensis
Scaridae,Scarus spp.,cylindrical,637,1.00,2.30,68.00,0.02,2.96,13.30,Scarus,spp.,Scarus spp.,,Scarus spp.
Scaridae,Scarus altipinnis,cylindrical,19,1.00,11.00,44.50,0.02,3.03,6.40,Scarus,altipinnis,Scarus altipinnis,,Scarus altipinnis
Scaridae,Scarus ghobban,cylindrical,247,1.00,6.00,49.50,0.02,3.04,6.70,Scarus,ghobban,Scarus ghobban,,Scarus ghobban
Scaridae,Scarus niger,cylindrical,13,1.00,15.00,43.00,0.01,3.16,6.00,Scarus,niger,Scarus niger,,Scarus niger
Scaridae,Scarus psittacus,cylindrical,21,0.97,6.10,15.00,0.01,3.32,12.90,Scarus,psittacus,Scarus psittacus,,Scarus psittacus
Scaridae,Scarus rivulatus,cylindrical,37,1.00,5.00,41.50,0.02,3.07,6.80,Scarus,rivulatus,Scarus rivulatus,,Scarus rivulatus
Scaridae,Scarus schlegeli,cylindrical,75,0.98,4.50,37.00,0.02,2.97,9.70,Scarus,schlegeli,Scarus schlegeli,,Scarus schlegeli
Scatophagidae,Scatophagus argus,compressed,45,1.00,5.00,36.00,0.03,2.95,5.30,Scatophagus,argus,Scatophagus argus,,Scatophagus argus
Scombridae,Scomberomorus commersoni,cylindrical,49,1.00,19.00,100.00,0.02,2.86,6.60,Scomberomorus,commersoni,Scomberomorus commersoni,,Scomberomorus commersoni
Scorpaenidae,,heterogeneous,140,0.98,3.00,31.00,0.02,2.91,15.10,,, ,,
Scorpaenidae,Dendrochirus brachypterus,cylindrical,32,0.99,4.00,12.00,0.01,3.34,6.80,Dendrochirus,brachypterus,Dendrochirus brachypterus,,Dendrochirus brachypterus
Scorpaenidae,Pterois spp.,cylindrical,10,1.00,3.50,31.00,0.04,2.70,14.20,Pterois,spp.,Pterois spp.,,Pterois spp.
Scorpaenidae,Scorpaenodes spp.,heterogeneous,77,0.98,3.00,15.70,0.02,3.14,7.40,Scorpaenodes,spp.,Scorpaenodes spp.,,Scorpaenodes spp.
Scorpaenidae,Scorpaenodes guamensis,cylindrical,38,0.97,3.50,10.80,0.02,3.04,13.00,Scorpaenodes,guamensis,Scorpaenodes guamensis,,Scorpaenodes guamensis
Scorpaenidae,Scorpaenodes parvipinnis,cylindrical,11,0.98,3.00,15.70,0.03,3.00,16.10,Scorpaenodes,parvipinnis,Scorpaenodes parvipinnis,,Scorpaenodes parvipinnis
Scorpaenidae,Scorpaenodes scabra,cylindrical,15,0.97,3.00,9.50,0.02,2.96,16.00,Scorpaenodes,scabra,Scorpaenodes scabra,,Scorpaenodes scabra
Scorpaenidae,Scorpaenopsis spp.,heterogeneous,15,0.95,3.50,10.00,0.01,3.26,24.00,Scorpaenopsis,spp.,Scorpaenopsis spp.,,Scorpaenopsis spp.
Serranidae,,heterogeneous,3403,1.00,3.50,128.00,0.01,3.03,11.70,,, ,,
Serranidae,Anyperodon leucogrammicus,cylindrical,10,0.98,30.50,51.00,0.00,3.55,8.30,Anyperodon,leucogrammicus,Anyperodon leucogrammicus,,Anyperodon leucogrammicus
Serranidae,Cephalopholis spp.,cylindrical,378,1.00,4.80,50.00,0.01,3.11,11.20,Cephalopholis,spp.,Cephalopholis spp.,,Cephalopholis spp.
Serranidae,Cephalopholis argus,cylindrical,15,0.99,21.50,44.00,0.01,3.18,7.20,Cephalopholis,argus,Cephalopholis argus,,Cephalopholis argus
Serranidae,Cephalopholis boenack,cylindrical,149,0.99,4.80,30.50,0.01,3.02,9.00,Cephalopholis,boenack,Cephalopholis boenack,,Cephalopholis boenack
Serranidae,Cephalopholis miniata,cylindrical,94,0.97,23.00,46.00,0.01,3.11,8.00,Cephalopholis,miniata,Cephalopholis miniata,,Cephalopholis miniata
Serranidae,Cephalopholis sonnerati,cylindrical,96,0.97,24.00,50.00,0.01,3.28,8.90,Cephalopholis,sonnerati,Cephalopholis sonnerati,,Cephalopholis sonnerati
Serranidae,Cephalopholis urodeta,cylindrical,17,0.95,15.00,25.50,0.03,2.82,8.40,Cephalopholis,urodeta,Cephalopholis urodeta,,Cephalopholis urodeta
Serranidae,Cromileptes altivelis,compressed,10,0.98,13.00,45.00,0.10,2.49,12.10,Cromileptes,altivelis,Cromileptes altivelis,,Cromileptes altivelis
Serranidae,Epinephelus spp.,heterogeneous,2712,1.00,3.50,128.00,0.01,3.05,10.30,Epinephelus,spp.,Epinephelus spp.,,Epinephelus spp.
Serranidae,Epinephelus areolatus,cylindrical,268,0.99,6.00,42.50,0.01,3.05,8.00,Epinephelus,areolatus,Epinephelus areolatus,,Epinephelus areolatus
Serranidae,Epinephelus caeruleopunctatus,cylindrical,24,1.00,3.50,61.00,0.02,2.94,10.50,Epinephelus,caeruleopunctatus,Epinephelus caeruleopunctatus,,Epinephelus caeruleopunctatus
Serranidae,Epinephelus cyanopodus,compressed,232,0.99,9.50,76.00,0.01,3.11,7.90,Epinephelus,cyanopodus,Epinephelus cyanopodus,,Epinephelus cyanopodus
Serranidae,Epinephelus fasciatus,cylindrical,165,0.99,8.90,36.50,0.01,3.04,9.60,Epinephelus,fasciatus,Epinephelus fasciatus,,Epinephelus fasciatus
Serranidae,Epinephelus fuscoguttatus,cylindrical,22,1.00,18.50,100.00,0.01,3.06,6.10,Epinephelus,fuscoguttatus,Epinephelus fuscoguttatus,,Epinephelus fuscoguttatus
Serranidae,Epinephelus howlandi,cylindrical,83,1.00,5.70,39.00,0.02,3.00,9.60,Epinephelus,howlandi,Epinephelus howlandi,,Epinephelus howlandi
Serranidae,Epinephelus macrospilos,cylindrical,56,0.99,11.00,41.00,0.01,3.03,7.80,Epinephelus,macrospilos,Epinephelus macrospilos,,Epinephelus macrospilos
Serranidae,Epinephelus maculatus,cylindrical,775,0.99,6.50,60.50,0.01,3.06,7.50,Epinephelus,maculatus,Epinephelus maculatus,,Epinephelus maculatus
Serranidae,Epinephelus malabaricus,cylindrical,172,1.00,8.50,128.00,0.01,3.05,7.80,Epinephelus,malabaricus,Epinephelus malabaricus,,Epinephelus malabaricus
Serranidae,Epinephelus merra,cylindrical,291,1.00,5.50,25.00,0.02,2.97,9.50,Epinephelus,merra,Epinephelus merra,,Epinephelus merra
Serranidae,Epinephelus ongus,cylindrical,43,1.00,8.50,37.00,0.02,2.93,7.10,Epinephelus,ongus,Epinephelus ongus,,Epinephelus ongus
Serranidae,Epinephelus polyphekadion,cylindrical,359,0.99,8.50,61.50,0.01,3.17,7.80,Epinephelus,polyphekadion,Epinephelus polyphekadion,,Epinephelus polyphekadion
Serranidae,Epinephelus rivulatus,cylindrical,158,0.97,16.00,40.50,0.01,3.09,7.30,Epinephelus,rivulatus,Epinephelus rivulatus,,Epinephelus rivulatus
Serranidae,Epinephelus coioides,cylindrical,44,1.00,6.50,111.00,0.01,3.10,10.80,Epinephelus,coioides,Epinephelus coioides,,Epinephelus coioides
Serranidae,Plectropomus spp.,cylindrical,212,1.00,10.70,95.00,0.01,3.09,7.20,Plectropomus,spp.,Plectropomus spp.,,Plectropomus spp.
Serranidae,Plectropomus laevis,cylindrical,17,1.00,18.10,95.00,0.01,3.24,8.60,Plectropomus,laevis,Plectropomus laevis,,Plectropomus laevis
Serranidae,Plectropomus leopardus,cylindrical,191,1.00,10.70,91.00,0.01,3.06,7.10,Plectropomus,leopardus,Plectropomus leopardus,,Plectropomus leopardus
Serranidae,Pseudanthias hypselosoma,cylindrical,35,0.99,5.00,9.50,0.01,3.15,7.00,Pseudanthias,hypselosoma,Pseudanthias hypselosoma,,Pseudanthias hypselosoma
Serranidae,Variola louti,cylindrical,41,1.00,20.00,66.00,0.01,3.08,5.80,Variola,louti,Variola louti,,Variola louti
Siganidae,Siganus spp.,compressed,2065,0.99,2.00,38.00,0.01,3.12,12.20,Siganus,spp.,Siganus spp.,,Siganus spp.
Siganidae,Siganus argenteus,compressed,31,0.99,10.00,32.00,0.01,3.15,8.50,Siganus,argenteus,Siganus argenteus,,Siganus argenteus
Siganidae,Siganus corallinus,compressed,9,1.00,9.00,19.00,0.00,3.82,6.40,Siganus,corallinus,Siganus corallinus,,Siganus corallinus
Siganidae,Siganus doliatus,compressed,669,0.98,2.00,22.50,0.01,3.27,6.10,Siganus,doliatus,Siganus doliatus,,Siganus doliatus
Siganidae,Siganus fuscescens,compressed,481,1.00,3.00,29.50,0.01,3.07,7.20,Siganus,fuscescens,Siganus fuscescens,,Siganus fuscescens
Siganidae,Siganus lineatus,compressed,817,1.00,5.50,35.00,0.02,3.00,5.90,Siganus,lineatus,Siganus lineatus,,Siganus lineatus
Siganidae,Siganus puellus,compressed,11,1.00,5.50,24.00,0.02,3.03,4.70,Siganus,puellus,Siganus puellus,,Siganus puellus
Siganidae,Siganus punctatus,compressed,27,0.99,10.00,36.50,0.01,3.28,7.70,Siganus,punctatus,Siganus punctatus,,Siganus punctatus
Siganidae,Siganus spinus,compressed,9,0.99,6.50,14.00,0.02,3.09,6.70,Siganus,spinus,Siganus spinus,,Siganus spinus
Sillaginidae,Sillago spp.,cylindrical,469,0.99,3.50,31.00,0.00,3.26,6.30,Sillago,spp.,Sillago spp.,,Sillago spp.
Sillaginidae,Sillago ciliata,cylindrical,169,0.99,15.50,31.00,0.00,3.40,7.20,Sillago,ciliata,Sillago ciliata,,Sillago ciliata
Sillaginidae,Sillago sihama,cylindrical,249,0.99,3.50,29.00,0.01,3.18,9.10,Sillago,sihama,Sillago sihama,,Sillago sihama
Soleidae,,very-flat,12,1.00,4.50,28.00,0.01,3.29,6.60,,, ,,
Pardachirus,pavoninus,very-flat,10,1.00,4.50,28.00,0.01,3.22,4.40,pavoninus,,pavoninus ,,pavoninus
Sparidae,Acanthopagrus berda,compressed,295,1.00,5.00,36.00,0.02,3.04,6.90,Acanthopagrus,berda,Acanthopagrus berda,,Acanthopagrus berda
Sphyraenidae,,semi-elongated,646,0.99,5.50,104.00,0.01,3.01,10.90,,, ,,
Sphyraenidae,Sphyraena spp.,semi-elongated,646,0.99,5.50,104.00,0.01,3.01,10.90,Sphyraena,spp.,Sphyraena spp.,,Sphyraena spp.
Sphyraenidae,Sphyraena barracuda,semi-elongated,179,0.98,19.00,63.00,0.01,3.01,7.40,Sphyraena,barracuda,Sphyraena barracuda,,Sphyraena barracuda
Sphyraenidae,Sphyraena flavicauda,semi-elongated,43,0.96,5.50,35.50,0.00,3.08,11.20,Sphyraena,flavicauda,Sphyraena flavicauda,,Sphyraena flavicauda
Sphyraenidae,Sphyraena forsteri,semi-elongated,95,1.00,8.50,60.00,0.01,3.03,6.30,Sphyraena,forsteri,Sphyraena forsteri,,Sphyraena forsteri
Sphyraenidae,Sphyraena novaehollandiae,semi-elongated,23,0.99,19.00,28.00,0.02,2.53,4.20,Sphyraena,novaehollandiae,Sphyraena novaehollandiae,,Sphyraena novaehollandiae
Sphyraenidae,Sphyraena obtusata,semi-elongated,23,0.94,19.00,26.50,0.03,2.59,7.70,Sphyraena,obtusata,Sphyraena obtusata,,Sphyraena obtusata
Sphyraenidae,Sphyraena putnamiae,semi-elongated,226,0.99,19.50,104.00,0.01,2.93,6.60,Sphyraena,putnamiae,Sphyraena putnamiae,,Sphyraena putnamiae
Sphyraenidae,Sphyraena waitei,semi-elongated,34,0.99,19.00,31.00,0.01,2.86,3.80,Sphyraena,waitei,Sphyraena waitei,,Sphyraena waitei
Sphyrnidae,Sphyrna lewini,cylindrical,30,0.99,38.00,91.00,0.00,3.24,7.60,Sphyrna,lewini,Sphyrna lewini,,Sphyrna lewini
Synanceiidae,,heterogeneous,19,0.98,5.00,29.50,0.00,3.69,35.50,,, ,,
Synanceiidae,Inimicus didactylus,cylindrical,14,0.99,6.50,21.50,0.02,2.87,6.30,Inimicus,didactylus,Inimicus didactylus,,Inimicus didactylus
Syngnathidae,Hippocampus spp.,odd,9,0.88,7.00,13.00,0.00,4.12,36.10,Hippocampus,spp.,Hippocampus spp.,,Hippocampus spp.
Synodontidae,,cylindrical,1188,0.99,4.00,33.00,0.01,3.03,15.00,,, ,,
Synodontidae,Saurida spp.,cylindrical,1038,0.99,4.80,33.00,0.01,3.06,9.10,Saurida,spp.,Saurida spp.,,Saurida spp.
Synodontidae,Saurida gracilis,cylindrical,95,0.99,4.80,23.00,0.01,3.17,10.10,Saurida,gracilis,Saurida gracilis,,Saurida gracilis
Synodontidae,Saurida nebulosa,cylindrical,11,1.00,8.00,18.50,0.01,3.21,6.80,Saurida,nebulosa,Saurida nebulosa,,Saurida nebulosa
Synodontidae,Saurida undosquamis,cylindrical,932,0.98,6.50,33.00,0.01,3.13,9.20,Saurida,undosquamis,Saurida undosquamis,,Saurida undosquamis
Synodontidae,Synodus spp.,cylindrical,145,0.98,4.00,22.00,0.01,3.08,16.10,Synodus,spp.,Synodus spp.,,Synodus spp.
Synodontidae,Synodus dermatogenys,cylindrical,43,0.98,8.00,16.50,0.00,3.35,8.90,Synodus,dermatogenys,Synodus dermatogenys,,Synodus dermatogenys
Synodontidae,Synodus hoshinonis,cylindrical,45,0.97,9.00,19.00,0.00,3.66,11.60,Synodus,hoshinonis,Synodus hoshinonis,,Synodus hoshinonis
Synodontidae,Synodus variegatus,cylindrical,37,0.99,5.00,22.20,0.00,3.48,10.60,Synodus,variegatus,Synodus variegatus,,Synodus variegatus
Teraponidae,Terapon jarbua,cylindrical,87,0.99,2.00,28.50,0.01,3.13,10.80,Terapon,jarbua,Terapon jarbua,,Terapon jarbua
Tetraodontidae,,odd,282,0.99,2.00,76.00,0.04,2.79,20.80,,, ,,
Tetraodontidae,Arothron spp.,odd,96,1.00,2.50,76.00,0.04,2.90,12.50,Arothron,spp.,Arothron spp.,,Arothron spp.
Tetraodontidae,Arothron hispidus,odd,19,1.00,6.50,52.00,0.06,2.76,10.40,Arothron,hispidus,Arothron hispidus,,Arothron hispidus
Tetraodontidae,Arothron immaculatus,odd,10,0.99,4.00,32.50,0.04,2.85,19.80,Arothron,immaculatus,Arothron immaculatus,,Arothron immaculatus
Tetraodontidae,Arothron manillensis,odd,32,0.99,3.50,33.00,0.03,2.91,13.80,Arothron,manillensis,Arothron manillensis,,Arothron manillensis
Tetraodontidae,Arothron stellatus,odd,24,1.00,5.00,75.00,0.09,2.67,8.60,Arothron,stellatus,Arothron stellatus,,Arothron stellatus
Tetraodontidae,Canthigaster spp.,odd,87,0.95,2.00,9.50,0.04,2.82,10.00,Canthigaster,spp.,Canthigaster spp.,,Canthigaster spp.
Tetraodontidae,Canthigaster solandri,odd,10,0.99,3.00,7.50,0.03,2.98,10.10,Canthigaster,solandri,Canthigaster solandri,,Canthigaster solandri
Tetraodontidae,Canthigaster valentini,odd,66,0.92,2.00,8.60,0.04,2.94,20.90,Canthigaster,valentini,Canthigaster valentini,,Canthigaster valentini
Tetraodontidae,Lagocephalus sceleratus,cylindrical,94,1.00,9.00,72.00,0.02,2.92,11.80,Lagocephalus,sceleratus,Lagocephalus sceleratus,,Lagocephalus sceleratus
Trichiuruidae,Trichiurus lepturus,elongated,105,0.97,18.00,110.50,0.00,3.32,12.30,Trichiurus,lepturus,Trichiurus lepturus,,Trichiurus lepturus
Trypauchenidae,Ctenotrypauchen microcephalus,semi-elongated,23,0.90,4.50,11.50,0.01,2.57,13.70,Ctenotrypauchen,microcephalus,Ctenotrypauchen microcephalus,,Ctenotrypauchen microcephalus
Zanclidae,Zanclus cornutus,very-flat,11,0.99,6.50,15.00,0.01,3.37,2.00,Zanclus,cornutus,Zanclus cornutus,,Zanclus cornutus
